symbol,date,open,high,low,close,volume,adjusted
SPY,2019-01-02,245.979996,251.210007,245.949997,250.179993,126925200,234.061646
SPY,2019-01-03,248.229996,248.570007,243.669998,244.210007,144140700,228.476257
SPY,2019-01-04,247.589996,253.110001,247.169998,252.389999,142628800,236.129257
SPY,2019-01-07,252.690002,255.949997,251.690002,254.380005,103139100,237.991043
SPY,2019-01-08,256.820007,257.309998,254,256.769989,102512600,240.227051
SPY,2019-01-09,257.559998,258.910004,256.190002,257.970001,95006600,241.349731
SPY,2019-01-10,256.26001,259.160004,255.5,258.880005,96823900,242.201111
SPY,2019-01-11,257.679993,259.01001,257.029999,258.980011,73858100,242.294647
SPY,2019-01-14,256.859985,258.299988,256.410004,257.399994,70908200,240.816467
SPY,2019-01-15,257.820007,260.700012,257.809998,260.350006,85208300,243.576416
SPY,2019-01-16,260.829987,261.970001,260.600006,260.980011,77636700,244.165802
SPY,2019-01-17,260.01001,263.920013,259.959991,262.959991,96118400,246.018265
SPY,2019-01-18,264.980011,266.980011,263,266.459991,127900300,249.29277
SPY,2019-01-22,264.820007,265.059998,261.059998,262.859985,115531200,245.924667
SPY,2019-01-23,264.01001,264.790009,260.660004,263.410004,86030300,246.43924
SPY,2019-01-24,263.209991,264.200012,262.079987,263.549988,59204100,246.570236
SPY,2019-01-25,265.609985,266.700012,263.660004,265.779999,96883400,248.656525
SPY,2019-01-28,263.390015,263.829987,261.790009,263.76001,85613700,246.766708
SPY,2019-01-29,263.920013,264.549988,262.480011,263.410004,66136300,246.43924
SPY,2019-01-30,265.100006,268.519989,264.25,267.579987,92473700,250.340576
SPY,2019-01-31,267.51001,270.470001,267.269989,269.929993,104012100,252.5392
SPY,2019-02-01,270.149994,271.200012,269.179993,270.059998,85782500,252.660782
SPY,2019-02-04,270.109985,272.029999,269.359985,271.959991,60744800,254.438385
SPY,2019-02-05,272.440002,273.440002,271.880005,273.100006,79552800,255.504959
SPY,2019-02-06,272.790009,273.339996,271.920013,272.73999,58347800,255.168198
SPY,2019-02-07,270.940002,271.549988,268.290009,270.140015,95482000,252.735687
SPY,2019-02-08,268.75,270.579987,267.829987,270.470001,75788900,253.044388
SPY,2019-02-11,271.200012,271.48999,270.029999,270.619995,68021400,253.184769
SPY,2019-02-12,272.420013,274.519989,272.339996,274.100006,72270200,256.440521
SPY,2019-02-13,275.029999,275.929993,274.559998,274.98999,65277200,257.273163
SPY,2019-02-14,273.779999,275.640015,272.869995,274.380005,83234400,256.702484
SPY,2019-02-15,276.359985,277.410004,276.130005,277.369995,97088700,259.499878
SPY,2019-02-19,276.480011,278.579987,276.470001,277.850006,59120800,259.948944
SPY,2019-02-20,277.809998,278.920013,277.25,278.410004,76610800,260.472778
SPY,2019-02-21,277.700012,278.100006,276.350006,277.420013,64214700,259.546631
SPY,2019-02-22,278.109985,279.359985,277.399994,279.140015,78114600,261.155823
SPY,2019-02-25,280.730011,281.309998,279.429993,279.519989,69030700,261.511322
SPY,2019-02-26,279.130005,280.299988,278.899994,279.320007,56844100,261.324188
SPY,2019-02-27,278.519989,279.589996,277.480011,279.200012,56921600,261.212006
SPY,2019-02-28,278.959991,279.450012,278.320007,278.679993,69268300,260.725433
SPY,2019-03-01,280.440002,280.880005,278.820007,280.420013,78880500,262.353363
SPY,2019-03-04,281.600006,281.869995,276.839996,279.399994,106494600,261.399078
SPY,2019-03-05,279.540009,279.76001,278.410004,279.019989,59114600,261.043488
SPY,2019-03-06,279.149994,279.160004,276.970001,277.329987,75039800,259.462463
SPY,2019-03-07,276.829987,276.98999,274.070007,275.01001,94885100,257.291931
SPY,2019-03-08,272.940002,274.649994,272.420013,274.459991,85795800,256.777313
SPY,2019-03-11,275.26001,278.619995,275.230011,278.440002,65098900,260.500916
SPY,2019-03-12,279.059998,280.070007,278.850006,279.48999,79667500,261.483246
SPY,2019-03-13,280.480011,282.380005,280.299988,281.339996,80639200,263.214142
SPY,2019-03-14,281.369995,281.839996,280.670013,281.160004,67518400,263.045685
SPY,2019-03-15,280.540009,282.209991,280.329987,281.309998,81309000,264.345215
SPY,2019-03-18,281.549988,282.660004,281.299988,282.329987,62199800,265.30368
SPY,2019-03-19,283.51001,284.359985,281.410004,282.399994,90268100,265.369537
SPY,2019-03-20,282.160004,283.5,280.320007,281.549988,84609200,264.57074
SPY,2019-03-21,280.640015,285.179993,280.589996,284.730011,79550400,267.559082
SPY,2019-03-22,283.220001,283.799988,279.179993,279.25,122659300,262.409485
SPY,2019-03-25,278.869995,280.190002,277.640015,279.040009,85575200,262.212219
SPY,2019-03-26,280.98999,282.179993,279.559998,281.119995,68125900,264.166687
SPY,2019-03-27,281.109985,281.76001,277.929993,279.649994,72224700,262.785339
SPY,2019-03-28,280.350006,281.209991,279.070007,280.709991,56238500,263.781494
SPY,2019-03-29,282.390015,282.839996,281.140015,282.480011,82186800,265.444733
SPY,2019-04-01,284.700012,286.160004,284.399994,285.829987,77617900,268.592651
SPY,2019-04-02,286.040009,286.230011,285.089996,285.970001,40070400,268.724213
SPY,2019-04-03,287.320007,287.76001,285.75,286.420013,68243200,269.147095
SPY,2019-04-04,286.779999,287.459991,286.01001,287.179993,48997500,269.861267
SPY,2019-04-05,287.920013,288.630005,287.600006,288.570007,58621700,271.16748
SPY,2019-04-08,288.100006,288.910004,287.369995,288.790009,53566300,271.374207
SPY,2019-04-09,287.720001,288.079987,286.700012,287.309998,66142300,269.98349
SPY,2019-04-10,287.769989,288.390015,287.309998,288.290009,52601500,270.904358
SPY,2019-04-11,288.829987,288.839996,287.579987,288.209991,55093100,270.829163
SPY,2019-04-12,290,290.470001,288.26001,290.160004,69727800,272.66153
SPY,2019-04-15,290.23999,290.350006,289.079987,289.970001,49596700,272.483032
SPY,2019-04-16,290.950012,291.01001,289.5,290.160004,52153200,272.66153
SPY,2019-04-17,291.399994,291.429993,288.98999,289.450012,58268300,271.994415
SPY,2019-04-18,290.100006,290.320007,288.660004,290.019989,68708500,272.529999
SPY,2019-04-22,289.170013,290.440002,289.070007,290.269989,40160100,272.764923
SPY,2019-04-23,290.679993,293.140015,290.420013,292.880005,52246600,275.217529
SPY,2019-04-24,292.790009,293.160004,292.070007,292.230011,50392900,274.60675
SPY,2019-04-25,292.119995,292.779999,290.730011,292.049988,57770900,274.437561
SPY,2019-04-26,292.100006,293.48999,291.23999,293.410004,50916400,275.715576
SPY,2019-04-29,293.51001,294.450012,293.410004,293.869995,57197700,276.147797
SPY,2019-04-30,293.48999,294.339996,291.920013,294.019989,81111700,276.288757
SPY,2019-05-01,294.720001,294.950012,291.799988,291.809998,71671900,274.212097
SPY,2019-05-02,291.679993,292.700012,289.519989,291.179993,65030200,273.619995
SPY,2019-05-03,292.820007,294.339996,291.299988,294.029999,56543700,276.298157
SPY,2019-05-06,289.25,293.309998,288.899994,292.820007,107198100,275.161194
SPY,2019-05-07,290.149994,290.809998,285.809998,287.929993,144729900,270.56601
SPY,2019-05-08,287.529999,289.429993,286.869995,287.529999,91568300,270.190155
SPY,2019-05-09,285.230011,287.329987,283.299988,286.660004,103471100,269.372589
SPY,2019-05-10,285.619995,288.940002,282.299988,288.100006,112429300,270.7258
SPY,2019-05-13,282.420013,283.48999,279.929993,280.859985,127290500,263.922394
SPY,2019-05-14,281.98999,285.100006,281.850006,283.399994,77003200,266.309174
SPY,2019-05-15,281.589996,285.769989,281.359985,285.059998,73956400,267.869141
SPY,2019-05-16,285.839996,289.209991,285.76001,287.700012,76749600,270.349915
SPY,2019-05-17,285.140015,288.600006,285.119995,285.839996,100353000,268.602081
SPY,2019-05-20,284.059998,285.959991,283.119995,283.950012,62877600,266.82605
SPY,2019-05-21,285.829987,286.929993,285.549988,286.51001,46847100,269.231689
SPY,2019-05-22,285.450012,286.690002,285.100006,285.630005,49482500,268.404816
SPY,2019-05-23,283.160004,283.209991,280.570007,282.140015,98733800,265.125183
SPY,2019-05-24,283.73999,284.200012,282.089996,282.779999,55268100,265.726563
SPY,2019-05-28,283.089996,284.149994,280.130005,280.149994,70029400,263.255219
SPY,2019-05-29,278.910004,279.359985,276.709991,278.269989,104972900,261.488556
SPY,2019-05-30,279.109985,280.040009,277.809998,279.029999,62523800,262.202789
SPY,2019-05-31,276.200012,277.119995,275.23999,275.269989,86862800,258.669464
SPY,2019-06-03,275.309998,276.549988,273.089996,274.570007,96428000,258.011749
SPY,2019-06-04,277.119995,280.679993,276.619995,280.529999,77231900,263.612274
SPY,2019-06-05,282.329987,282.98999,280.320007,282.959991,71169700,265.895721
SPY,2019-06-06,283.290009,285.549988,282.570007,284.799988,69430400,267.624786
SPY,2019-06-07,285.929993,288.850006,285.73999,287.649994,74272200,270.302948
SPY,2019-06-10,289.369995,290.820007,288.869995,288.970001,60799100,271.543304
SPY,2019-06-11,290.98999,291.399994,288.179993,288.899994,58641300,271.477478
SPY,2019-06-12,288.640015,289.26001,287.820007,288.390015,47096300,270.998352
SPY,2019-06-13,289.399994,289.980011,288.619995,289.579987,48945200,272.116577
SPY,2019-06-14,289.26001,289.929993,288.410004,289.26001,52324700,271.815857
SPY,2019-06-17,289.519989,290.220001,289.179993,289.369995,39205700,271.91925
SPY,2019-06-18,291.390015,293.570007,290.98999,292.399994,85434800,274.766449
SPY,2019-06-19,292.549988,293.649994,291.470001,293.059998,78674400,275.386658
SPY,2019-06-20,296.040009,296.309998,293.130005,295.859985,116570000,278.017761
SPY,2019-06-21,294.130005,295.519989,293.76001,294,83309500,277.613678
SPY,2019-06-24,294.230011,294.579987,293.470001,293.640015,47582700,277.273743
SPY,2019-06-25,293.700012,293.730011,290.640015,290.76001,82028700,274.55423
SPY,2019-06-26,291.75,292.309998,290.350006,290.470001,51584900,274.280365
SPY,2019-06-27,291.309998,292.059998,290.890015,291.5,40355200,275.253052
SPY,2019-06-28,292.579987,293.549988,292.01001,293,59350900,276.669464
SPY,2019-07-01,296.679993,296.920013,294.329987,295.660004,78705600,279.181183
SPY,2019-07-02,295.609985,296.48999,294.679993,296.429993,61504500,279.908173
SPY,2019-07-03,297.179993,298.820007,297.019989,298.799988,40898900,282.146179
SPY,2019-07-05,297.440002,298.640015,296.01001,298.459991,51677300,281.825043
SPY,2019-07-08,297.01001,298.26001,296.220001,296.820007,45841800,280.276489
SPY,2019-07-09,295.540009,297.519989,295.480011,297.190002,41101300,280.625854
SPY,2019-07-10,298.369995,299.660004,297.779999,298.609985,58448500,281.966705
SPY,2019-07-11,299.320007,299.579987,298.200012,299.309998,50826100,282.627777
SPY,2019-07-12,299.850006,300.730011,299.51001,300.649994,40326000,283.893036
SPY,2019-07-15,301.130005,301.130005,300.190002,300.75,33900000,283.987457
SPY,2019-07-16,300.649994,300.880005,299.440002,299.779999,36650100,283.071442
SPY,2019-07-17,299.75,299.929993,297.73999,297.73999,36036300,281.145233
SPY,2019-07-18,297.190002,299.25,296.700012,298.829987,51392600,282.1745
SPY,2019-07-19,300.040009,300.070007,296.980011,297.170013,58678600,280.606995
SPY,2019-07-22,297.609985,298.5,297.040009,297.899994,43638100,281.296234
SPY,2019-07-23,299.140015,300.029999,298.220001,300.029999,44564500,283.307526
SPY,2019-07-24,299.190002,301.440002,299.089996,301.440002,47213200,284.639038
SPY,2019-07-25,300.940002,301,299.109985,300,55394100,283.279236
SPY,2019-07-26,300.76001,302.230011,300.619995,302.01001,45084100,285.177216
SPY,2019-07-29,301.880005,302.01001,300.850006,301.459991,38126500,284.657898
SPY,2019-07-30,299.910004,301.170013,299.48999,300.720001,45849000,283.959137
SPY,2019-07-31,300.98999,301.200012,295.200012,297.429993,104245200,280.852478
SPY,2019-08-01,297.600006,300.869995,293.959991,294.839996,142646600,278.40683
SPY,2019-08-02,293.850006,294.119995,290.899994,292.619995,116749700,276.310608
SPY,2019-08-05,288.089996,288.209991,281.720001,283.820007,178745400,268.001038
SPY,2019-08-06,285.910004,288.040009,284.279999,287.799988,120711700,271.759247
SPY,2019-08-07,284.399994,288.820007,282.040009,287.970001,140572300,271.919739
SPY,2019-08-08,289.619995,293.619995,289.01001,293.619995,87713900,277.254883
SPY,2019-08-09,292.579987,293.23999,289.649994,291.619995,93730000,275.366333
SPY,2019-08-12,289.959991,291.609985,287.019989,288.070007,65527600,272.014221
SPY,2019-08-13,287.73999,294.149994,287.359985,292.549988,94299800,276.244507
SPY,2019-08-14,288.070007,288.73999,283.76001,283.899994,135622100,268.07663
SPY,2019-08-15,284.880005,285.640015,282.390015,284.649994,99556600,268.784729
SPY,2019-08-16,286.480011,289.329987,284.709991,288.850006,83018300,272.750732
SPY,2019-08-19,292.190002,293.079987,291.440002,292.329987,53571800,276.036743
SPY,2019-08-20,291.769989,292.359985,289.950012,290.089996,51596400,273.9216
SPY,2019-08-21,292.480011,292.859985,291.720001,292.450012,49524700,276.150055
SPY,2019-08-22,293.230011,293.929993,290.399994,292.359985,51666400,276.065063
SPY,2019-08-23,290.920013,292.76001,283.470001,284.850006,149161500,268.973694
SPY,2019-08-26,287.269989,288,285.579987,288,72423800,271.94809
SPY,2019-08-27,289.540009,289.950012,286.029999,286.869995,66668900,270.881073
SPY,2019-08-28,286.140015,289.070007,285.25,288.890015,59696700,272.788544
SPY,2019-08-29,291.720001,293.160004,290.609985,292.579987,57899400,276.272827
SPY,2019-08-30,294.220001,294.23999,291.420013,292.450012,62901200,276.150055
SPY,2019-09-03,290.570007,291.579987,289.269989,290.73999,69101400,274.53537
SPY,2019-09-04,293.140015,294.059998,292.309998,294.040009,46887300,277.651489
SPY,2019-09-05,296.790009,298.829987,294,297.820007,83258100,281.220795
SPY,2019-09-06,298.170013,298.76001,297.420013,298.049988,49584300,281.437866
SPY,2019-09-09,299.140015,299.23999,297.160004,298.200012,51260300,281.579559
SPY,2019-09-10,297.359985,298.200012,295.970001,298.130005,57947100,281.513489
SPY,2019-09-11,298.470001,300.339996,297.75,300.25,68821100,283.515289
SPY,2019-09-12,301.25,302.459991,300.410004,301.290009,72908700,284.497345
SPY,2019-09-13,301.779999,302.170013,300.679993,301.089996,62104800,284.308472
SPY,2019-09-16,299.839996,301.140015,299.450012,300.160004,58191200,283.430267
SPY,2019-09-17,299.940002,301.019989,299.75,300.920013,41475500,284.147949
SPY,2019-09-18,300.48999,301.220001,298.23999,301.100006,73375800,284.317902
SPY,2019-09-19,301.529999,302.630005,300.709991,301.079987,76560500,284.299072
SPY,2019-09-20,300.359985,300.670013,297.410004,298.279999,89565000,282.955811
SPY,2019-09-23,297.549988,299,297.269989,298.209991,43476800,282.889404
SPY,2019-09-24,299.410004,299.839996,294.809998,295.869995,94869400,280.669617
SPY,2019-09-25,295.959991,298.109985,294.329987,297.619995,71854000,282.329742
SPY,2019-09-26,297.630005,297.859985,295.450012,297,56179700,281.741577
SPY,2019-09-27,297.829987,297.950012,293.690002,295.399994,84746600,280.223755
SPY,2019-09-30,295.970001,297.549988,295.920013,296.769989,51662400,281.523315
SPY,2019-10-01,297.73999,298.459991,293,293.23999,88242400,278.174744
SPY,2019-10-02,291.5,291.51001,286.640015,288.059998,122539500,273.260864
SPY,2019-10-03,287.809998,290.450012,284.820007,290.420013,85278800,275.499664
SPY,2019-10-04,291.140015,294.630005,291.079987,294.350006,65091200,279.227661
SPY,2019-10-07,293.470001,295.26001,292.769989,293.079987,59610500,278.022949
SPY,2019-10-08,291.040009,291.850006,288.48999,288.529999,95708100,273.706696
SPY,2019-10-09,290.75,292.299988,290.059998,291.269989,62359400,276.305969
SPY,2019-10-10,291.179993,294.209991,291,293.23999,55296300,278.174744
SPY,2019-10-11,296.269989,298.73999,296.140015,296.279999,98720400,281.058533
SPY,2019-10-14,295.929993,296.670013,295.570007,295.950012,40394800,280.745514
SPY,2019-10-15,297.100006,299.700012,296.970001,298.880005,46754500,283.524994
SPY,2019-10-16,298.369995,299.160004,297.920013,298.399994,48928200,283.069702
SPY,2019-10-17,299.679993,300.23999,298.519989,299.279999,45736600,283.90451
SPY,2019-10-18,298.690002,299.399994,297.029999,297.970001,64304000,282.661774
SPY,2019-10-21,299.420013,300.209991,298.940002,299.98999,39048600,284.577911
SPY,2019-10-22,300.579987,300.899994,298.910004,299.01001,48594700,283.648376
SPY,2019-10-23,298.730011,299.940002,298.5,299.880005,34352200,284.473633
SPY,2019-10-24,300.910004,301.070007,299.459991,300.369995,35453100,284.938446
SPY,2019-10-25,299.73999,302.200012,299.679993,301.600006,45205400,286.105225
SPY,2019-10-28,302.940002,303.850006,302.910004,303.299988,42147000,287.717865
SPY,2019-10-29,303,304.230011,302.859985,303.209991,44284900,287.632507
SPY,2019-10-30,303.429993,304.549988,301.98999,304.140015,49643900,288.51474
SPY,2019-10-31,304.130005,304.130005,301.730011,303.329987,69053800,287.746338
SPY,2019-11-01,304.920013,306.190002,304.73999,306.140015,71141500,290.411957
SPY,2019-11-04,307.850006,308,306.959991,307.369995,60606900,291.578827
SPY,2019-11-05,307.589996,307.920013,306.709991,307.029999,42933200,291.256256
SPY,2019-11-06,307.029999,307.399994,306.059998,307.100006,46487100,291.322632
SPY,2019-11-07,308.570007,309.649994,307.660004,308.179993,54272300,292.347168
SPY,2019-11-08,307.799988,309,307.029999,308.940002,49032100,293.068207
SPY,2019-11-11,307.420013,308.540009,307.269989,308.350006,35797300,292.508453
SPY,2019-11-12,308.75,309.98999,308.149994,309,46484600,293.125061
SPY,2019-11-13,307.910004,309.540009,307.660004,309.100006,53917700,293.21994
SPY,2019-11-14,308.790009,309.640015,308.089996,309.549988,51219900,293.64682
SPY,2019-11-15,311.019989,311.839996,310.26001,311.790009,62023600,295.771759
SPY,2019-11-18,311.529999,312.279999,311.029999,312.019989,49228000,295.989899
SPY,2019-11-19,312.679993,312.690002,311.220001,311.929993,67804700,295.904572
SPY,2019-11-20,311.279999,311.850006,309.059998,310.769989,79406200,294.804108
SPY,2019-11-21,310.890015,311.01001,309.390015,310.269989,54664700,294.329803
SPY,2019-11-22,311.089996,311.23999,309.850006,310.959991,44850200,294.984314
SPY,2019-11-25,311.980011,313.369995,311.980011,313.369995,48647200,297.270569
SPY,2019-11-26,313.410004,314.279999,313.059998,314.079987,37569000,297.944031
SPY,2019-11-27,314.609985,315.480011,314.369995,315.480011,44444600,299.272156
SPY,2019-11-29,314.859985,315.130005,314.059998,314.309998,36592700,298.162292
SPY,2019-12-02,314.589996,314.660004,311.170013,311.640015,75767800,295.629456
SPY,2019-12-03,308.649994,309.640015,307.130005,309.549988,73941700,293.64682
SPY,2019-12-04,310.700012,312.119995,310.320007,311.459991,49080000,295.458649
SPY,2019-12-05,312.230011,312.25,310.579987,312.019989,40709000,295.989899
SPY,2019-12-06,314.119995,315.309998,314.109985,314.869995,48927000,298.69342
SPY,2019-12-09,314.440002,315.179993,313.799988,313.880005,34838500,297.754364
SPY,2019-12-10,313.820007,314.549988,312.809998,313.529999,52649800,297.422333
SPY,2019-12-11,314.029999,314.700012,313.440002,314.420013,53429100,298.266602
SPY,2019-12-12,314.429993,317.98999,314.170013,317.130005,96389600,300.837402
SPY,2019-12-13,316.869995,318.670013,316.019989,317.320007,81503900,301.01767
SPY,2019-12-16,319.220001,320.149994,317.25,319.5,82749700,303.085663
SPY,2019-12-17,319.920013,320.25,319.480011,319.570007,61097700,303.152008
SPY,2019-12-18,320,320.25,319.529999,319.589996,48133000,303.171021
SPY,2019-12-19,319.799988,320.980011,319.519989,320.899994,85310500,304.413727
SPY,2019-12-20,320.459991,321.970001,319.390015,320.730011,147142100,305.748322
SPY,2019-12-23,321.589996,321.649994,321.059998,321.220001,52990000,306.215363
SPY,2019-12-24,321.470001,321.519989,320.899994,321.230011,20270000,306.224945
SPY,2019-12-26,321.649994,322.950012,321.640015,322.940002,30911200,307.855072
SPY,2019-12-27,323.73999,323.799988,322.279999,322.859985,42528800,307.778748
SPY,2019-12-30,322.950012,323.100006,320.549988,321.079987,49729100,306.081879
SPY,2019-12-31,320.529999,322.130005,320.149994,321.859985,57077300,306.8255
SPY,2020-01-02,323.540009,324.890015,322.529999,324.869995,59151200,309.694916
SPY,2020-01-03,321.160004,323.640015,321.100006,322.410004,77709700,307.349792
SPY,2020-01-06,320.48999,323.730011,320.359985,323.640015,55653900,308.522339
SPY,2020-01-07,323.019989,323.540009,322.23999,322.730011,40496400,307.654907
SPY,2020-01-08,322.940002,325.779999,322.670013,324.450012,68296000,309.294617
SPY,2020-01-09,326.160004,326.730011,325.519989,326.649994,48473300,311.391785
SPY,2020-01-10,327.290009,327.459991,325.200012,325.709991,53029300,310.495667
SPY,2020-01-13,326.390015,327.959991,325.920013,327.950012,47086800,312.631012
SPY,2020-01-14,327.470001,328.619995,326.839996,327.450012,62832800,312.154449
SPY,2020-01-15,327.350006,329.019989,327.26001,328.190002,72056600,312.859802
SPY,2020-01-16,329.700012,330.920013,329.450012,330.920013,54050300,315.462341
SPY,2020-01-17,331.700012,332.179993,330.850006,331.950012,95846000,316.444183
SPY,2020-01-21,330.899994,332.179993,330.820007,331.299988,77742400,315.824585
SPY,2020-01-22,332.23999,332.950012,331.170013,331.339996,48914900,315.862732
SPY,2020-01-23,330.630005,332.170013,329.410004,331.720001,51963000,316.224945
SPY,2020-01-24,332.440002,332.529999,327.359985,328.769989,87578400,313.41275
SPY,2020-01-27,323.029999,325.119995,322.660004,323.5,84062500,308.388885
SPY,2020-01-28,325.059998,327.850006,323.600006,326.890015,63834000,311.620544
SPY,2020-01-29,328.380005,328.630005,326.399994,326.619995,53888900,311.363159
SPY,2020-01-30,324.359985,327.910004,323.540009,327.679993,75491800,312.373657
SPY,2020-01-31,327,327.170013,320.730011,321.730011,113845600,306.70163
SPY,2020-02-03,323.350006,326.160004,323.220001,324.119995,69083000,308.979919
SPY,2020-02-04,328.070007,330.01001,327.720001,329.059998,62573200,313.689178
SPY,2020-02-05,332.269989,333.089996,330.670013,332.859985,65951100,317.311646
SPY,2020-02-06,333.910004,334.190002,332.799988,333.980011,50359700,318.379364
SPY,2020-02-07,332.820007,333.98999,331.600006,332.200012,64139400,316.682587
SPY,2020-02-10,331.230011,334.75,331.190002,334.679993,42070000,319.046661
SPY,2020-02-11,336.160004,337.019989,334.679993,335.26001,54864500,319.599579
SPY,2020-02-12,336.829987,337.649994,336.429993,337.420013,43992700,321.658691
SPY,2020-02-13,335.859985,338.119995,335.559998,337.059998,54501900,321.31546
SPY,2020-02-14,337.51001,337.730011,336.200012,337.600006,64582200,321.830292
SPY,2020-02-18,336.51001,337.670013,335.209991,336.730011,57226200,321.000977
SPY,2020-02-19,337.790009,339.079987,337.480011,338.339996,48814700,322.535706
SPY,2020-02-20,337.73999,338.640015,333.679993,336.950012,74163400,321.210693
SPY,2020-02-21,335.470001,335.809998,332.579987,333.480011,113788200,317.90274
SPY,2020-02-24,323.140015,333.559998,321.23999,322.420013,161088400,307.359375
SPY,2020-02-25,323.940002,324.609985,311.690002,312.649994,218913200,298.045685
SPY,2020-02-26,314.179993,318.109985,310.700012,311.5,194773800,296.949402
SPY,2020-02-27,305.459991,311.559998,297.51001,297.51001,284353500,283.612976
SPY,2020-02-28,288.700012,297.890015,285.540009,296.26001,384975800,282.421387
SPY,2020-03-02,298.209991,309.160004,294.459991,309.089996,238703600,294.652069
SPY,2020-03-03,309.5,313.839996,297.570007,300.23999,300139100,286.215393
SPY,2020-03-04,306.119995,313.100006,303.329987,312.859985,176613400,298.245911
SPY,2020-03-05,304.980011,308.470001,300.01001,302.459991,186366800,288.331665
SPY,2020-03-06,293.149994,298.779999,290.230011,297.459991,228667200,283.565277
SPY,2020-03-09,275.299988,284.190002,273.450012,274.230011,309417300,261.42041
SPY,2020-03-10,284.640015,288.519989,273.5,288.420013,276444100,274.947571
SPY,2020-03-11,280.700012,281.940002,270.880005,274.359985,255316300,261.54425
SPY,2020-03-12,256,266.660004,247.679993,248.110001,392220700,236.520462
SPY,2020-03-13,263.089996,271.480011,248.520004,269.320007,329566100,256.739716
SPY,2020-03-16,241.179993,256.899994,237.360001,239.850006,297240000,228.646301
SPY,2020-03-17,245.039993,256.170013,237.070007,252.800003,262070500,240.991394
SPY,2020-03-18,236.25,248.369995,228.020004,240,327597100,228.789307
SPY,2020-03-19,239.25,247.380005,232.220001,240.509995,289322000,229.275467
SPY,2020-03-20,242.529999,244.470001,228.5,228.800003,347158800,219.39505
SPY,2020-03-23,228.190002,229.679993,218.259995,222.949997,326025200,213.785492
SPY,2020-03-24,234.419998,244.100006,233.800003,243.149994,235494500,233.155151
SPY,2020-03-25,244.869995,256.350006,239.75,246.789993,299430300,236.645554
SPY,2020-03-26,249.520004,262.799988,249.050003,261.200012,257632800,250.463196
SPY,2020-03-27,253.270004,260.809998,251.050003,253.419998,224341200,243.003006
SPY,2020-03-30,255.699997,262.429993,253.529999,261.649994,171369500,250.894699
SPY,2020-03-31,260.559998,263.329987,256.220001,257.75,194881100,247.154984
SPY,2020-04-01,247.979996,257.660004,243.899994,246.149994,189554600,236.03183
SPY,2020-04-02,245.190002,252.679993,244.589996,251.830002,177660400,241.478363
SPY,2020-04-03,250.759995,253.320007,245.220001,248.190002,135561200,237.987991
SPY,2020-04-06,257.839996,267,248.169998,264.859985,188061200,253.972717
SPY,2020-04-07,274.209991,275.029999,264.890015,265.130005,201427200,254.231659
SPY,2020-04-08,267.959991,276,265.25,274.029999,153774500,262.765839
SPY,2020-04-09,277.579987,281.200012,275.470001,278.200012,189999200,266.764435
SPY,2020-04-13,277.140015,277.51001,271.410004,275.660004,114839100,264.328827
SPY,2020-04-14,280.980011,284.899994,275.51001,283.790009,134143400,272.124603
SPY,2020-04-15,277.570007,283.940002,275.459991,277.76001,121775000,266.342468
SPY,2020-04-16,279.149994,280.029999,275.76001,279.100006,131798300,267.62738
SPY,2020-04-17,285.380005,287.299988,282.399994,286.640015,146684800,274.857452
SPY,2020-04-20,282.609985,286.790009,281.350006,281.589996,100109300,270.015076
SPY,2020-04-21,276.730011,278.040009,272.019989,273.040009,126385700,261.816498
SPY,2020-04-22,278.350006,281,276.910004,279.100006,92951600,267.62738
SPY,2020-04-23,280.48999,283.940002,278.75,279.079987,104709700,267.608185
SPY,2020-04-24,280.730011,283.700012,278.5,282.970001,85063200,271.338318
SPY,2020-04-27,285.119995,288.269989,284.619995,287.049988,77896600,275.25061
SPY,2020-04-28,291.019989,291.399994,285.399994,285.730011,105270000,273.984894
SPY,2020-04-29,291.529999,294.880005,290.410004,293.209991,118745600,281.157379
SPY,2020-04-30,291.709991,293.320007,288.589996,290.480011,122901700,278.539581
SPY,2020-05-01,285.309998,290.660004,281.519989,282.790009,125180000,271.165771
SPY,2020-05-04,280.73999,283.899994,279.130005,283.570007,80873200,271.913696
SPY,2020-05-05,286.640015,289.25,283.709991,286.190002,79569900,274.425964
SPY,2020-05-06,288.040009,288.459991,283.779999,284.25,73632600,272.565735
SPY,2020-05-07,287.75,289.779999,287.130005,287.679993,75250400,275.854736
SPY,2020-05-08,291.089996,292.950012,289.859985,292.440002,76452400,280.419098
SPY,2020-05-11,290.339996,294,289.880005,292.5,79514200,280.476593
SPY,2020-05-12,293.790009,294.23999,286.519989,286.670013,95870800,274.8862
SPY,2020-05-13,286.059998,287.190002,278.959991,281.600006,144721100,270.024658
SPY,2020-05-14,278.950012,285.109985,272.98999,284.970001,121977900,273.256104
SPY,2020-05-15,282.369995,286.329987,281.339996,286.279999,111146300,274.512329
SPY,2020-05-18,293.049988,296.75,292.700012,295,119703800,282.87381
SPY,2020-05-19,294.350006,296.209991,291.950012,291.970001,95189300,279.968353
SPY,2020-05-20,295.820007,297.869995,295.570007,296.929993,85861700,284.724548
SPY,2020-05-21,296.790009,297.670013,293.690002,294.880005,78293900,282.758789
SPY,2020-05-22,294.570007,295.630005,293.220001,295.440002,63958200,283.295715
SPY,2020-05-26,301.929993,302.190002,295.459991,299.079987,88951400,286.786072
SPY,2020-05-27,302.119995,303.570007,296.869995,303.529999,104817400,291.053162
SPY,2020-05-28,304.649994,306.839996,302.23999,302.970001,90405200,290.516205
SPY,2020-05-29,302.459991,304.959991,299.470001,304.320007,119090800,291.81073
SPY,2020-06-01,303.619995,306.209991,303.059998,305.549988,55758300,292.990112
SPY,2020-06-02,306.549988,308.130005,305.100006,308.079987,74267200,295.416199
SPY,2020-06-03,310.23999,313.220001,309.940002,312.179993,92567600,299.347656
SPY,2020-06-04,311.109985,313,309.079987,311.359985,75794400,298.56131
SPY,2020-06-05,317.230011,321.269989,317.160004,319.339996,150524700,306.213287
SPY,2020-06-08,320.220001,323.410004,319.630005,323.200012,73641200,309.914703
SPY,2020-06-09,320.299988,323.279999,319.359985,320.790009,77479200,307.60376
SPY,2020-06-10,321.420013,322.390015,318.220001,319,95000800,305.887268
SPY,2020-06-11,311.459991,312.149994,300.01001,300.609985,209243600,288.253204
SPY,2020-06-12,308.23999,309.079987,298.600006,304.209991,194678900,291.705231
SPY,2020-06-15,298.019989,308.279999,296.73999,307.049988,135782700,294.428436
SPY,2020-06-16,315.480011,315.640015,307.670013,312.959991,137627500,300.095581
SPY,2020-06-17,314.070007,314.390015,310.859985,311.660004,83398900,298.848969
SPY,2020-06-18,310.01001,312.299988,309.51001,311.779999,80828700,298.964111
SPY,2020-06-19,314.170013,314.380005,306.529999,308.640015,135549600,297.255585
SPY,2020-06-22,307.98999,311.049988,306.75,310.619995,74649400,299.162445
SPY,2020-06-23,313.48999,314.5,311.609985,312.049988,68471200,300.539703
SPY,2020-06-24,309.839996,310.51001,302.100006,304.089996,132813500,292.873322
SPY,2020-06-25,303.470001,307.640015,301.279999,307.350006,89468000,296.013062
SPY,2020-06-26,306.160004,306.390015,299.420013,300.049988,127961000,288.982361
SPY,2020-06-29,301.410004,304.609985,298.929993,304.459991,79773300,293.229736
SPY,2020-06-30,303.98999,310.200012,303.820007,308.359985,113394800,296.98587
SPY,2020-07-01,309.570007,311.890015,309.070007,310.519989,72396500,299.066162
SPY,2020-07-02,314.23999,315.700012,311.51001,312.230011,69344200,300.713135
SPY,2020-07-06,316.369995,317.679993,315.559998,317.049988,61713800,305.355286
SPY,2020-07-07,315.380005,317.519989,313.369995,313.779999,82910000,302.205902
SPY,2020-07-08,314.609985,316.299988,312.700012,316.179993,54638600,304.517365
SPY,2020-07-09,316.839996,317.100006,310.679993,314.380005,83354200,302.783752
SPY,2020-07-10,314.309998,317.880005,312.76001,317.589996,57550400,305.875427
SPY,2020-07-13,320.130005,322.709991,314.130005,314.839996,102997500,303.226868
SPY,2020-07-14,313.299988,319.76001,312,318.920013,93657000,307.156311
SPY,2020-07-15,322.410004,323.040009,319.269989,321.850006,87196500,309.978241
SPY,2020-07-16,319.790009,321.279999,319.089996,320.790009,54622500,308.957397
SPY,2020-07-17,321.880005,322.570007,319.73999,321.720001,62774900,309.853027
SPY,2020-07-20,321.429993,325.130005,320.619995,324.320007,56308800,312.357117
SPY,2020-07-21,326.450012,326.929993,323.940002,325.01001,57292200,313.021759
SPY,2020-07-22,324.619995,327.200012,324.5,326.859985,57792900,314.803436
SPY,2020-07-23,326.470001,327.230011,321.480011,322.959991,75738000,311.047333
SPY,2020-07-24,320.950012,321.98999,319.25,320.880005,73766600,309.044037
SPY,2020-07-27,321.630005,323.410004,320.769989,323.220001,48293000,311.297699
SPY,2020-07-28,322.429993,323.640015,320.850006,321.170013,57495000,309.323303
SPY,2020-07-29,322.119995,325.730011,322.079987,325.119995,48454200,313.127625
SPY,2020-07-30,321.899994,324.410004,319.640015,323.959991,61861700,312.010376
SPY,2020-07-31,325.899994,326.630005,321.329987,326.519989,84986800,314.475983
SPY,2020-08-03,328.320007,329.619995,327.730011,328.790009,53077900,316.662262
SPY,2020-08-04,327.859985,330.059998,327.859985,330.059998,41917900,317.885437
SPY,2020-08-05,331.470001,332.390015,331.179993,332.109985,42697700,319.859802
SPY,2020-08-06,331.480011,334.459991,331.130005,334.329987,43679400,321.997925
SPY,2020-08-07,333.279999,334.880005,332.299988,334.570007,57308300,322.229065
SPY,2020-08-10,335.059998,335.769989,332.959991,335.570007,44282100,323.192169
SPY,2020-08-11,336.850006,337.540009,332.01001,332.799988,69601100,320.524323
SPY,2020-08-12,335.440002,338.279999,335.410004,337.440002,53774400,324.993225
SPY,2020-08-13,336.609985,338.25,335.829987,336.829987,41816100,324.40567
SPY,2020-08-14,336.410004,337.420013,335.619995,336.839996,47260400,324.415344
SPY,2020-08-17,337.940002,338.339996,336.850006,337.910004,35481000,325.445831
SPY,2020-08-18,338.339996,339.100006,336.609985,338.640015,38733900,326.148956
SPY,2020-08-19,339.049988,339.609985,336.619995,337.230011,68054200,324.790924
SPY,2020-08-20,335.359985,338.799988,335.220001,338.279999,42207800,325.802185
SPY,2020-08-21,337.920013,339.720001,337.549988,339.480011,55106600,326.957977
SPY,2020-08-24,342.119995,343,339.450012,342.920013,48588700,330.271057
SPY,2020-08-25,343.529999,344.209991,342.269989,344.119995,38463400,331.426788
SPY,2020-08-26,344.76001,347.859985,344.170013,347.570007,50790200,334.749573
SPY,2020-08-27,348.51001,349.899994,346.529999,348.329987,58034100,335.481506
SPY,2020-08-28,349.440002,350.720001,348.149994,350.579987,48588900,337.648499
SPY,2020-08-31,350.350006,351.299988,349.059998,349.309998,66099200,336.425354
SPY,2020-09-01,350.209991,352.709991,349.23999,352.600006,54908700,339.594025
SPY,2020-09-02,354.670013,358.75,353.429993,357.700012,69540000,344.50592
SPY,2020-09-03,355.869995,356.380005,342.589996,345.390015,148011100,332.649933
SPY,2020-09-04,346.130005,347.829987,334.869995,342.570007,139156300,329.93399
SPY,2020-09-08,336.709991,342.640015,332.880005,333.209991,114465300,320.919189
SPY,2020-09-09,337.549988,342.459991,336.609985,339.790009,91462300,327.2565
SPY,2020-09-10,341.820007,342.529999,332.850006,333.890015,90569500,321.574158
SPY,2020-09-11,335.820007,336.970001,331,334.059998,84680200,321.737885
SPY,2020-09-14,337.48999,340.380005,334.220001,338.459991,65605700,325.975555
SPY,2020-09-15,341.119995,342.019989,338.470001,340.170013,52920900,327.622498
SPY,2020-09-16,341.51001,343.059998,338.519989,338.820007,82096000,326.322296
SPY,2020-09-17,333.559998,337.700012,332.98999,335.839996,91523300,323.452179
SPY,2020-09-18,335.369995,335.48999,327.970001,330.649994,105877900,319.728394
SPY,2020-09-21,325.700012,327.130005,321.730011,326.970001,99450800,316.169983
SPY,2020-09-22,328.570007,330.899994,325.859985,330.299988,63612100,319.389954
SPY,2020-09-23,330.899994,331.200012,322.100006,322.640015,93112200,311.983002
SPY,2020-09-24,321.220001,326.799988,319.799988,323.5,76681300,312.814575
SPY,2020-09-25,322.579987,329.579987,321.640015,328.730011,71069400,317.871826
SPY,2020-09-28,333.220001,334.959991,332.149994,334.190002,64584600,323.151459
SPY,2020-09-29,333.970001,334.769989,331.619995,332.369995,51304000,321.391571
SPY,2020-09-30,333.089996,338.290009,332.880005,334.890015,104081100,323.828369
SPY,2020-10-01,337.690002,338.73999,335.01001,337.040009,88698700,325.907349
SPY,2020-10-02,331.700012,337.01001,331.190002,333.839996,89431100,322.813049
SPY,2020-10-05,336.059998,339.959991,336.01001,339.76001,45713100,328.537506
SPY,2020-10-06,339.910004,342.170013,334.380005,334.929993,90128900,323.867004
SPY,2020-10-07,338.119995,341.630005,338.089996,340.76001,56999600,329.504486
SPY,2020-10-08,342.850006,343.850006,341.859985,343.779999,45242500,332.424713
SPY,2020-10-09,345.559998,347.350006,344.890015,346.850006,59528600,335.393372
SPY,2020-10-12,349.589996,354.019989,349.059998,352.429993,80388500,340.789032
SPY,2020-10-13,352.279999,352.470001,349.089996,350.130005,73255500,338.564972
SPY,2020-10-14,350.75,351.929993,347.140015,347.929993,57727900,336.437653
SPY,2020-10-15,343.709991,348.019989,343.130005,347.5,60357700,336.021851
SPY,2020-10-16,348.959991,350.75,347.100006,347.290009,89501900,335.818787
SPY,2020-10-19,348.649994,349.329987,341.040009,342.01001,68425600,330.713165
SPY,2020-10-20,343.459991,346.880005,342.640015,343.380005,60051900,332.037964
SPY,2020-10-21,343.329987,345.670013,342.399994,342.730011,63575000,331.409393
SPY,2020-10-22,342.959991,345.23999,340.649994,344.609985,55399300,333.227264
SPY,2020-10-23,345.929993,345.98999,343.130005,345.779999,49143900,334.358673
SPY,2020-10-26,342.130005,342.980011,335.619995,339.390015,91473000,328.179718
SPY,2020-10-27,339.76001,340.119995,337.98999,338.220001,65994100,327.04834
SPY,2020-10-28,332.100006,338.25,326.130005,326.660004,127094300,315.870239
SPY,2020-10-29,326.910004,333.399994,325.089996,329.980011,90597700,319.080566
SPY,2020-10-30,328.279999,329.690002,322.600006,326.540009,120287300,315.75412
SPY,2020-11-02,330.200012,332.359985,327.23999,330.200012,86068300,319.293274
SPY,2020-11-03,333.690002,338.25,330.290009,336.029999,93294200,324.930695
SPY,2020-11-04,340.859985,347.940002,339.589996,343.540009,126959700,332.192657
SPY,2020-11-05,349.23999,352.190002,348.859985,350.23999,82039700,338.671356
SPY,2020-11-06,349.929993,351.51001,347.649994,350.160004,74973000,338.594025
SPY,2020-11-09,363.970001,364.380005,354.059998,354.559998,172304200,342.848663
SPY,2020-11-10,353.48999,355.179993,350.51001,354.040009,85552000,342.345825
SPY,2020-11-11,356.399994,357.559998,355.059998,356.670013,58649000,344.888947
SPY,2020-11-12,355.579987,356.720001,351.26001,353.209991,67546200,341.543274
SPY,2020-11-13,355.269989,358.899994,354.709991,358.100006,62892200,346.271729
SPY,2020-11-16,360.980011,362.779999,359.589996,362.570007,74541100,350.594086
SPY,2020-11-17,359.970001,361.920013,358.339996,360.619995,66111000,348.708527
SPY,2020-11-18,360.910004,361.5,356.23999,356.279999,70591300,344.511841
SPY,2020-11-19,355.600006,358.179993,354.149994,357.779999,59940900,345.962311
SPY,2020-11-20,357.5,357.720001,355.25,355.329987,70417300,343.593201
SPY,2020-11-23,357.279999,358.820007,354.869995,357.459991,63230600,345.652802
SPY,2020-11-24,360.209991,363.809998,359.290009,363.220001,62415900,351.222626
SPY,2020-11-25,363.130005,363.160004,361.480011,362.660004,45330900,350.681091
SPY,2020-11-27,363.839996,364.179993,362.579987,363.670013,28514100,351.657776
SPY,2020-11-30,362.829987,363.119995,359.170013,362.059998,83872700,350.100922
SPY,2020-12-01,365.570007,367.679993,364.929993,366.019989,74231400,353.930115
SPY,2020-12-02,364.820007,366.959991,364.200012,366.790009,45927000,354.674683
SPY,2020-12-03,366.679993,368.190002,365.5,366.690002,62882000,354.578003
SPY,2020-12-04,367.320007,369.850006,367.220001,369.850006,50749900,357.633606
SPY,2020-12-07,369.019989,369.619995,367.720001,369.089996,48944300,356.898743
SPY,2020-12-08,367.720001,370.779999,367.670013,370.170013,42458900,357.943024
SPY,2020-12-09,370.880005,371.049988,365.950012,366.850006,74098300,354.732727
SPY,2020-12-10,365.369995,367.859985,364.429993,366.730011,57735400,354.616669
SPY,2020-12-11,364.899994,366.73999,363.26001,366.299988,57698600,354.200867
SPY,2020-12-14,368.640015,369.799988,364.470001,364.660004,69216200,352.615051
SPY,2020-12-15,367.399994,369.589996,365.920013,369.589996,63865300,357.382202
SPY,2020-12-16,369.820007,371.160004,368.869995,370.170013,58420500,357.943024
SPY,2020-12-17,371.940002,372.459991,371.049988,372.23999,64119500,359.944702
SPY,2020-12-18,370.970001,371.149994,367.019989,369.179993,136542300,358.507477
SPY,2020-12-21,364.970001,378.459991,362.029999,367.859985,96386700,357.225555
SPY,2020-12-22,368.209991,368.329987,366.029999,367.23999,47949000,356.623505
SPY,2020-12-23,368.279999,369.619995,367.220001,367.570007,46201400,356.944
SPY,2020-12-24,368.079987,369.029999,367.450012,369,26457900,358.332703
SPY,2020-12-28,371.73999,372.589996,371.070007,372.170013,39000400,361.411011
SPY,2020-12-29,373.809998,374,370.829987,371.459991,53680500,360.721527
SPY,2020-12-30,372.339996,373.100006,371.570007,371.98999,49455300,361.236176
SPY,2020-12-31,371.779999,374.660004,371.230011,373.880005,78520700,363.071564
SPY,2021-01-04,375.309998,375.450012,364.820007,368.790009,110210800,358.128784
SPY,2021-01-05,368.100006,372.5,368.049988,371.329987,66426200,360.595276
SPY,2021-01-06,369.709991,376.980011,369.119995,373.549988,107997700,362.751099
SPY,2021-01-07,376.100006,379.899994,375.910004,379.100006,68766800,368.140656
SPY,2021-01-08,380.589996,381.48999,377.100006,381.26001,71677200,370.238251
SPY,2021-01-11,377.850006,380.579987,377.720001,378.690002,51034700,367.742554
SPY,2021-01-12,378.890015,379.859985,376.359985,378.769989,52547700,367.82016
SPY,2021-01-13,378.690002,380.859985,377.850006,379.790009,45303600,368.81073
SPY,2021-01-14,380.589996,381.130005,378.100006,378.459991,49989100,367.519196
SPY,2021-01-15,376.720001,377.579987,373.700012,375.700012,107160000,364.838959
SPY,2021-01-19,378.339996,379.230011,376.75,378.649994,51233300,367.703674
SPY,2021-01-20,381.109985,384.790009,380.690002,383.890015,61836100,372.792206
SPY,2021-01-21,384.48999,384.950012,383.25,384.23999,47840100,373.132111
SPY,2021-01-22,382.25,384.130005,381.839996,382.880005,52860500,371.811401
SPY,2021-01-25,383.670013,384.769989,378.459991,384.390015,70402000,373.277802
SPY,2021-01-26,385.410004,385.850006,383.540009,383.790009,42665300,372.695099
SPY,2021-01-27,380.220001,380.320007,372.01001,374.410004,123351100,363.586273
SPY,2021-01-28,376.359985,381.929993,375.890015,377.630005,94198100,366.713196
SPY,2021-01-29,375.630005,376.670013,368.269989,370.070007,126765100,359.371735
SPY,2021-02-01,373.720001,377.339996,370.380005,376.230011,75817600,365.353668
SPY,2021-02-02,379.649994,383.220001,376.320007,381.549988,64450700,370.519867
SPY,2021-02-03,382.440002,383.700012,380.480011,381.850006,52427100,370.811157
SPY,2021-02-04,382.959991,386.23999,381.970001,386.190002,47142600,375.025726
SPY,2021-02-05,388.200012,388.470001,386.140015,387.709991,48669800,376.501801
SPY,2021-02-08,389.269989,390.559998,388.350006,390.51001,38365200,379.220825
SPY,2021-02-09,389.609985,390.890015,389.170013,390.25,35551100,378.968323
SPY,2021-02-10,392.119995,392.279999,387.5,390.079987,59154400,378.803253
SPY,2021-02-11,391.23999,391.690002,388.100006,390.709991,42913300,379.415039
SPY,2021-02-12,389.850006,392.899994,389.769989,392.640015,50593300,381.289246
SPY,2021-02-16,393.959991,394.170013,391.529999,392.299988,50972400,380.959045
SPY,2021-02-17,390.420013,392.660004,389.329987,392.390015,52290600,381.046478
SPY,2021-02-18,389.589996,391.519989,387.73999,390.720001,59712800,379.424805
SPY,2021-02-19,392.070007,392.380005,389.549988,390.029999,83241000,378.7547
SPY,2021-02-22,387.059998,389.619995,386.73999,387.029999,67414200,375.841431
SPY,2021-02-23,384.660004,388.950012,380.200012,387.5,107284100,376.297852
SPY,2021-02-24,386.329987,392.230011,385.269989,391.769989,72433900,380.444397
SPY,2021-02-25,390.410004,391.880005,380.779999,382.329987,146670500,371.277283
SPY,2021-02-26,384.350006,385.579987,378.230011,380.359985,152701600,369.364258
SPY,2021-03-01,385.589996,390.920013,380.570007,389.579987,105348800,378.317719
SPY,2021-03-02,389.820007,390.070007,386,386.540009,79595300,375.365601
SPY,2021-03-03,385.790009,386.829987,381.309998,381.420013,119940200,370.393616
SPY,2021-03-04,381.220001,384,371.880005,376.700012,183433000,365.810059
SPY,2021-03-05,380.459991,384.76001,372.640015,383.630005,152039600,372.539764
SPY,2021-03-08,384.660004,387.679993,381.420013,381.720001,123149200,370.684937
SPY,2021-03-09,385.850006,389.910004,385.309998,387.170013,113633600,375.977417
SPY,2021-03-10,389.690002,391.399994,388.170013,389.579987,109899400,378.317719
SPY,2021-03-11,392.230011,395.649994,391.73999,393.529999,86245000,382.153503
SPY,2021-03-12,392.070007,394.209991,391.200012,394.059998,64653600,382.668213
SPY,2021-03-15,394.329987,396.690002,392.029999,396.410004,73427200,384.950256
SPY,2021-03-16,397.070007,397.829987,395.079987,395.910004,73722500,384.464722
SPY,2021-03-17,394.529999,398.119995,393.299988,397.26001,97959300,385.775726
SPY,2021-03-18,394.480011,396.720001,390.75,391.480011,115349100,380.162811
SPY,2021-03-19,389.880005,391.570007,387.149994,389.480011,113624500,379.459381
SPY,2021-03-22,390.029999,394.070007,389.970001,392.589996,73778600,382.489319
SPY,2021-03-23,391.910004,393.459991,388.660004,389.5,90686600,379.478821
SPY,2021-03-24,391,392.75,387.470001,387.519989,97588600,377.549774
SPY,2021-03-25,385.980011,390.549988,383.899994,389.700012,116128600,379.673737
SPY,2021-03-26,390.929993,396.410004,390.290009,395.980011,114409100,385.792114
SPY,2021-03-29,394.399994,396.75,392.809998,395.779999,108107600,385.597321
SPY,2021-03-30,394.420013,395.450012,393.019989,394.730011,76262200,384.57431
SPY,2021-03-31,395.339996,398,395.309998,396.329987,112734200,386.133087
SPY,2021-04-01,398.399994,400.670013,398.179993,400.609985,99682900,390.302979
SPY,2021-04-05,403.459991,406.940002,403.380005,406.359985,91684800,395.90506
SPY,2021-04-06,405.76001,407.23999,405.399994,406.119995,62021000,395.671234
SPY,2021-04-07,405.940002,406.959991,405.450012,406.589996,55836300,396.12912
SPY,2021-04-08,407.929993,408.579987,406.929993,408.519989,57863100,398.009491
SPY,2021-04-09,408.390015,411.670013,408.26001,411.48999,61104600,400.903076
SPY,2021-04-12,410.850006,411.929993,410.200012,411.640015,56704900,401.049225
SPY,2021-04-13,411.529999,413.529999,411.119995,412.859985,56551000,402.237823
SPY,2021-04-14,412.829987,413.959991,410.869995,411.450012,61659900,400.864197
SPY,2021-04-15,413.73999,416.160004,413.690002,415.869995,60229800,405.17041
SPY,2021-04-16,417.25,417.910004,415.730011,417.26001,82037300,406.524689
SPY,2021-04-19,416.26001,416.73999,413.790009,415.209991,78498500,404.527344
SPY,2021-04-20,413.910004,415.089996,410.589996,412.170013,81851800,401.565613
SPY,2021-04-21,411.51001,416.290009,411.359985,416.070007,66793000,405.365234
SPY,2021-04-22,415.890015,416.779999,411.130005,412.269989,97582800,401.662994
SPY,2021-04-23,412.869995,418.25,412.790009,416.73999,73209200,406.018005
SPY,2021-04-26,417.440002,418.220001,416.809998,417.609985,52182400,406.865631
SPY,2021-04-27,417.929993,418.140015,416.299988,417.519989,51303100,406.777954
SPY,2021-04-28,417.809998,419.01001,416.899994,417.399994,51238900,406.661011
SPY,2021-04-29,420.320007,420.720001,416.440002,420.059998,78544300,409.252594
SPY,2021-04-30,417.630005,418.540009,416.339996,417.299988,85527000,406.563599
SPY,2021-05-03,419.429993,419.839996,417.670013,418.200012,68128300,407.440491
SPY,2021-05-04,416.070007,416.600006,411.670013,415.619995,101591200,404.926788
SPY,2021-05-05,417.380005,417.630005,415.149994,415.75,60162200,405.053497
SPY,2021-05-06,415.829987,419.209991,413.679993,419.070007,74321400,408.288055
SPY,2021-05-07,419.890015,422.820007,419.160004,422.119995,67733800,411.259583
SPY,2021-05-10,422.5,422.73999,417.809998,417.940002,81852400,407.187164
SPY,2021-05-11,413.100006,415.269989,410.059998,414.209991,116888000,403.553131
SPY,2021-05-12,411.230011,412.589996,404,405.410004,134811000,394.979492
SPY,2021-05-13,407.070007,412.350006,407.019989,410.279999,106394000,399.724213
SPY,2021-05-14,413.209991,417.48999,413.179993,416.579987,82201600,405.862122
SPY,2021-05-17,415.390015,416.390015,413.359985,415.519989,65129200,404.829407
SPY,2021-05-18,415.799988,416.059998,411.769989,411.940002,59810200,401.341553
SPY,2021-05-19,406.920013,411.049988,405.329987,410.859985,106467100,400.289276
SPY,2021-05-20,411.799988,416.630005,411.670013,415.279999,78022200,404.595612
SPY,2021-05-21,416.869995,418.200012,414.450012,414.940002,76578700,404.264374
SPY,2021-05-24,417.339996,420.320007,417.079987,419.170013,51376700,408.385498
SPY,2021-05-25,420.329987,420.709991,417.619995,418.23999,57451400,407.479401
SPY,2021-05-26,418.869995,419.609985,417.76001,419.070007,43088600,408.288055
SPY,2021-05-27,420.170013,420.720001,418.98999,419.290009,56707700,408.502411
SPY,2021-05-28,420.970001,421.25,419.790009,420.040009,58520200,409.233154
SPY,2021-06-01,422.570007,422.720001,419.200012,419.670013,54216600,408.872681
SPY,2021-06-02,420.369995,421.230011,419.290009,420.329987,49097100,409.515656
SPY,2021-06-03,417.850006,419.98999,416.279999,418.769989,58138800,407.995789
SPY,2021-06-04,420.75,422.920013,418.839996,422.600006,55938800,411.727295
SPY,2021-06-07,422.589996,422.779999,421.190002,422.190002,51555000,411.32782
SPY,2021-06-08,423.109985,423.209991,420.320007,422.279999,47134300,411.415527
SPY,2021-06-09,423.179993,423.26001,421.410004,421.649994,48436300,410.801666
SPY,2021-06-10,422.959991,424.630005,421.549988,423.609985,51020100,412.711243
SPY,2021-06-11,424.200012,424.429993,422.820007,424.309998,45570800,413.39325
SPY,2021-06-14,424.429993,425.369995,423.100006,425.26001,42358500,414.318848
SPY,2021-06-15,425.420013,425.459991,423.540009,424.480011,51508500,413.558899
SPY,2021-06-16,424.630005,424.869995,419.920013,422.109985,80386100,411.249847
SPY,2021-06-17,421.670013,423.019989,419.320007,421.970001,90949700,411.113464
SPY,2021-06-18,417.089996,417.829987,414.700012,414.920013,118676300,405.567413
SPY,2021-06-21,416.799988,421.059998,415.929993,420.859985,72822000,411.373444
SPY,2021-06-22,420.850006,424,420.079987,423.109985,57700300,413.572723
SPY,2021-06-23,423.190002,424.049988,422.51001,422.600006,49445400,413.074219
SPY,2021-06-24,424.890015,425.549988,424.619995,425.100006,45110300,415.517883
SPY,2021-06-25,425.899994,427.089996,425.549988,426.609985,58129500,416.993835
SPY,2021-06-28,427.170013,427.649994,425.890015,427.470001,53159600,417.834473
SPY,2021-06-29,427.880005,428.559998,427.130005,427.700012,35970500,418.059296
SPY,2021-06-30,427.209991,428.779999,427.179993,428.059998,64827900,418.411194
SPY,2021-07-01,428.869995,430.600006,428.799988,430.429993,53441000,420.727783
SPY,2021-07-02,431.670013,434.100006,430.519989,433.720001,57697700,423.943573
SPY,2021-07-06,433.779999,434.01001,430.01001,432.929993,68710400,423.171387
SPY,2021-07-07,433.660004,434.76001,431.51001,434.459991,63549500,424.666931
SPY,2021-07-08,428.779999,431.730011,427.519989,430.920013,97595200,421.206726
SPY,2021-07-09,432.529999,435.839996,430.709991,435.519989,76238600,425.702972
SPY,2021-07-12,435.429993,437.350006,434.970001,437.079987,52889600,427.227844
SPY,2021-07-13,436.23999,437.839996,435.309998,435.589996,52911300,425.771454
SPY,2021-07-14,437.399994,437.920013,434.910004,436.23999,64130400,426.406799
SPY,2021-07-15,434.809998,435.529999,432.720001,434.75,55126400,424.950378
SPY,2021-07-16,436.01001,436.059998,430.920013,431.339996,75874700,421.617249
SPY,2021-07-19,426.190002,431.410004,421.970001,424.970001,147987000,415.390839
SPY,2021-07-20,425.679993,432.420013,424.829987,431.059998,99608200,421.343536
SPY,2021-07-21,432.339996,434.700012,431.01001,434.549988,64724400,424.754913
SPY,2021-07-22,434.73999,435.720001,433.690002,435.459991,47878500,425.644348
SPY,2021-07-23,437.519989,440.299988,436.790009,439.940002,63766600,430.023407
SPY,2021-07-26,439.309998,441.029999,439.26001,441.019989,43719200,431.079071
SPY,2021-07-27,439.910004,439.940002,435.98999,439.01001,67397100,429.11438
SPY,2021-07-28,439.679993,440.299988,437.309998,438.829987,52472400,428.938385
SPY,2021-07-29,439.820007,441.799988,439.809998,440.649994,47435300,430.717377
SPY,2021-07-30,437.910004,440.059998,437.769989,438.51001,68951200,428.62561
SPY,2021-08-02,440.339996,440.929993,437.209991,437.589996,58783300,427.726349
SPY,2021-08-03,438.440002,441.279999,436.100006,441.149994,58053900,431.206146
SPY,2021-08-04,439.779999,441.119995,438.730011,438.980011,46732200,429.085022
SPY,2021-08-05,440.220001,441.850006,439.880005,441.76001,38969700,431.802368
SPY,2021-08-06,442.100006,442.940002,441.799988,442.48999,46930000,432.5159
SPY,2021-08-09,442.459991,442.799988,441.309998,442.130005,41222600,432.164032
SPY,2021-08-10,442.609985,443.440002,441.880005,442.679993,43339300,432.70163
SPY,2021-08-11,443.820007,443.880005,442.619995,443.779999,44034300,433.776855
SPY,2021-08-12,443.619995,445.26001,442.660004,445.109985,38909400,435.076843
SPY,2021-08-13,445.589996,445.940002,445.070007,445.920013,39470300,435.868591
SPY,2021-08-16,444.529999,447.109985,442.869995,446.970001,73740000,436.894928
SPY,2021-08-17,444.23999,444.959991,440.850006,444.040009,92673900,434.030975
SPY,2021-08-18,442.959991,444.630005,438.920013,439.179993,89351900,429.280518
SPY,2021-08-19,436.269989,441.140015,436.119995,439.859985,92812200,429.94519
SPY,2021-08-20,440.230011,443.709991,439.709991,443.359985,72008700,433.366272
SPY,2021-08-23,445.160004,448.230011,443.440002,447.26001,54973000,437.178406
SPY,2021-08-24,447.970001,448.540009,447.420013,447.970001,38744700,437.872375
SPY,2021-08-25,448.170013,449.459991,447.769989,448.910004,40529700,438.791229
SPY,2021-08-26,448.609985,448.859985,446.160004,446.26001,57829600,436.200928
SPY,2021-08-27,447.119995,450.649994,447.059998,450.25,77235100,440.101013
SPY,2021-08-30,450.970001,453.070007,450.709991,452.230011,48357400,442.036316
SPY,2021-08-31,452.130005,452.48999,450.920013,451.559998,59300200,441.38147
SPY,2021-09-01,452.559998,453.109985,451.549988,451.799988,48721400,441.616058
SPY,2021-09-02,453.320007,454.049988,451.910004,453.190002,42501000,442.974731
SPY,2021-09-03,451.980011,453.630005,451.549988,453.079987,47170500,442.867157
SPY,2021-09-07,452.709991,452.809998,450.73999,451.459991,51671500,441.283722
SPY,2021-09-08,450.890015,451.670013,448.859985,450.910004,56181900,440.746124
SPY,2021-09-09,450.700012,452.570007,448.720001,448.980011,57970400,438.859619
SPY,2021-09-10,451.040009,451.48999,445.309998,445.440002,89948200,435.399384
SPY,2021-09-13,448.640015,448.920013,444.109985,446.579987,83738600,436.513702
SPY,2021-09-14,448.119995,448.339996,443.220001,444.170013,78197100,434.158051
SPY,2021-09-15,444.619995,448.410004,443.440002,447.880005,78792200,437.784424
SPY,2021-09-16,447.320007,448.359985,444.019989,447.170013,77786700,437.090424
SPY,2021-09-17,444.920013,445.369995,441.019989,441.399994,118425000,432.832703
SPY,2021-09-20,434.880005,436.559998,428.859985,434.040009,166445500,425.61554
SPY,2021-09-21,436.529999,437.910004,433.070007,433.630005,92526100,425.213531
SPY,2021-09-22,436.049988,440.029999,433.75,437.859985,102350100,429.36142
SPY,2021-09-23,439.850006,444.890015,439.600006,443.179993,76396000,434.578186
SPY,2021-09-24,441.440002,444.670013,441.209991,443.910004,62094800,435.294006
SPY,2021-09-27,442.809998,444.049988,441.899994,442.640015,61371100,434.048645
SPY,2021-09-28,439.690002,440.040009,432.940002,433.720001,130436300,425.301788
SPY,2021-09-29,435.190002,437.040009,433.850006,434.450012,82329200,426.017609
SPY,2021-09-30,436.019989,436.769989,428.779999,429.140015,140506000,420.810699
SPY,2021-10-01,430.980011,436.029999,427.230011,434.23999,129240100,425.811676
SPY,2021-10-04,433,433.959991,426.359985,428.640015,128570000,420.320404
SPY,2021-10-05,430.23999,435.48999,429.390015,433.100006,90682500,424.693817
SPY,2021-10-06,429.269989,435.119995,427.540009,434.899994,113032200,426.458862
SPY,2021-10-07,438.390015,441.679993,438.200012,438.660004,72437500,430.145905
SPY,2021-10-08,439.480011,439.890015,437.190002,437.859985,74557400,429.36142
SPY,2021-10-11,437.160004,440.26001,434.619995,434.690002,65233300,426.25296
SPY,2021-10-12,435.670013,436.100006,432.779999,433.619995,71181200,425.203705
SPY,2021-10-13,434.709991,436.049988,431.540009,435.179993,72974000,426.733429
SPY,2021-10-14,439.079987,442.660004,438.579987,442.5,70236800,433.911346
SPY,2021-10-15,444.75,446.26001,444.089996,445.869995,66260200,437.215942
SPY,2021-10-18,443.970001,447.549988,443.269989,447.190002,62213200,438.510315
SPY,2021-10-19,448.920013,450.709991,448.269989,450.640015,46996800,441.893402
SPY,2021-10-20,451.130005,452.730011,451.01001,452.410004,49571600,443.628998
SPY,2021-10-21,451.769989,453.829987,451.309998,453.589996,41305400,444.786102
SPY,2021-10-22,453.130005,454.670013,451.049988,453.119995,58845100,444.325226
SPY,2021-10-25,454.279999,455.899994,452.390015,455.549988,45214500,446.708038
SPY,2021-10-26,457.200012,458.48999,455.559998,455.959991,56075100,447.110107
SPY,2021-10-27,456.450012,457.160004,453.859985,453.940002,72438000,445.129333
SPY,2021-10-28,455.459991,458.399994,455.450012,458.320007,51437900,449.424316
SPY,2021-10-29,455.869995,459.559998,455.559998,459.25,70162400,450.336212
SPY,2021-11-01,460.299988,460.700012,458.200012,460.040009,48433600,451.110901
SPY,2021-11-02,460.220001,462.230011,460.079987,461.899994,48908400,452.934784
SPY,2021-11-03,461.299988,465.149994,460.829987,464.720001,52509800,455.700073
SPY,2021-11-04,465.359985,467,464.98999,466.910004,52847100,457.847595
SPY,2021-11-05,469.279999,470.649994,466.920013,468.529999,66390600,459.436127
SPY,2021-11-08,469.700012,470.230011,468.200012,468.929993,50405200,459.828369
SPY,2021-11-09,469.320007,469.570007,465.880005,467.380005,51149100,458.308441
SPY,2021-11-10,465.579987,467.380005,462.040009,463.619995,69429700,454.62146
SPY,2021-11-11,465.209991,465.290009,463.75,463.769989,34848500,454.768524
SPY,2021-11-12,465.119995,467.859985,464.109985,467.269989,53466700,458.200562
SPY,2021-11-15,468.640015,468.809998,466.230011,467.429993,46980500,458.357452
SPY,2021-11-16,467.149994,470.48999,467.070007,469.279999,48857500,460.1716
SPY,2021-11-17,469,469.190002,467.480011,468.140015,47858300,459.053741
SPY,2021-11-18,469.23999,470.01001,466.339996,469.730011,50625600,460.612823
SPY,2021-11-19,469.609985,470.940002,468.5,468.890015,57315600,459.789124
SPY,2021-11-22,470.890015,473.540009,467.350006,467.570007,72762000,458.494781
SPY,2021-11-23,467.220001,469.100006,464.450012,468.190002,73206500,459.102753
SPY,2021-11-24,466.059998,469.570007,465.190002,469.440002,61858800,460.328461
SPY,2021-11-26,462.339996,463.899994,457.769989,458.970001,112669600,450.061707
SPY,2021-11-29,464.070007,466.559998,461.730011,464.600006,86268800,455.582397
SPY,2021-11-30,462,464.029999,455.299988,455.559998,148559600,446.717865
SPY,2021-12-01,461.640015,464.670013,450.290009,450.5,131939200,441.756104
SPY,2021-12-02,450.730011,459.070007,450.309998,457.399994,127637800,448.522125
SPY,2021-12-03,459.170013,460.299988,448.920013,453.420013,137331600,444.619446
SPY,2021-12-06,456.130005,460.790009,453.559998,458.790009,98977500,449.885193
SPY,2021-12-07,464.410004,468.880005,458.649994,468.279999,95484700,459.190979
SPY,2021-12-08,468.700012,470,466.829987,469.519989,72238800,460.406921
SPY,2021-12-09,468.149994,469.630005,466.140015,466.350006,61272600,457.298462
SPY,2021-12-10,469.230011,470.899994,466.51001,470.73999,77159800,461.60321
SPY,2021-12-13,470.190002,470.559998,466.269989,466.570007,87724700,457.51416
SPY,2021-12-14,463.089996,465.73999,460.25,463.359985,97264100,454.366425
SPY,2021-12-15,463.420013,470.859985,460.73999,470.600006,116899300,461.465942
SPY,2021-12-16,472.570007,472.869995,464.799988,466.450012,116568600,457.396515
SPY,2021-12-17,461.549988,464.73999,458.059998,459.869995,135511600,452.528473
SPY,2021-12-20,454.480011,455.399994,451.140015,454.980011,107134800,447.716583
SPY,2021-12-21,458.609985,463.209991,456.309998,463.059998,69806300,455.667572
SPY,2021-12-22,462.790009,467.809998,462.579987,467.690002,58890200,460.223663
SPY,2021-12-23,468.75,472.190002,468.640015,470.600006,56439700,463.087189
SPY,2021-12-27,472.059998,477.309998,472.01001,477.26001,56808600,469.640869
SPY,2021-12-28,477.720001,478.809998,476.059998,476.869995,47274600,469.25705
SPY,2021-12-29,476.980011,478.559998,475.920013,477.480011,54503000,469.857391
SPY,2021-12-30,477.929993,479,475.670013,476.160004,55329000,468.558472
SPY,2021-12-31,475.640015,476.859985,474.670013,474.959991,65237400,467.377563
SPY,2022-01-03,476.299988,477.850006,473.850006,477.709991,72668200,470.083679
SPY,2022-01-04,479.220001,479.980011,475.579987,477.549988,71178700,469.926239
SPY,2022-01-05,477.160004,477.980011,468.279999,468.380005,104538900,460.902649
SPY,2022-01-06,467.890015,470.820007,465.429993,467.940002,86858900,460.469666
SPY,2022-01-07,467.950012,469.200012,464.649994,466.089996,85111600,458.64917
SPY,2022-01-10,462.700012,465.73999,456.600006,465.51001,119362000,458.078461
SPY,2022-01-11,465.230011,469.850006,462.049988,469.75,74303100,462.250793
SPY,2022-01-12,471.589996,473.200012,468.940002,471.019989,67605400,463.500488
SPY,2022-01-13,472.190002,472.880005,463.440002,464.529999,91173100,457.114105
SPY,2022-01-14,461.190002,465.089996,459.899994,464.720001,95890900,457.301056
SPY,2022-01-18,459.73999,459.959991,455.309998,456.48999,109709100,449.202423
SPY,2022-01-19,458.130005,459.609985,451.459991,451.75,109357600,444.538116
SPY,2022-01-20,453.75,458.73999,444.5,446.75,122379700,439.61792
SPY,2022-01-21,445.559998,448.059998,437.950012,437.980011,202271200,430.987976
SPY,2022-01-24,432.029999,440.380005,420.76001,439.839996,251783900,432.818237
SPY,2022-01-25,433.059998,439.720001,427.149994,434.470001,167997300,427.533997
SPY,2022-01-26,440.720001,444.040009,428.859985,433.380005,186391100,426.461395
SPY,2022-01-27,438.26001,441.589996,429.450012,431.23999,149878300,424.35553
SPY,2022-01-28,432.679993,442,427.820007,441.950012,164457400,434.894592
SPY,2022-01-31,441.23999,450.279999,439.809998,449.910004,152251400,442.727448
SPY,2022-02-01,450.679993,453.630005,446.940002,452.950012,123155400,445.718964
SPY,2022-02-02,455.5,458.119995,453.049988,457.350006,117361000,450.048737
SPY,2022-02-03,450.950012,452.970001,445.709991,446.600006,118024400,439.470337
SPY,2022-02-04,446.350006,452.779999,443.829987,448.700012,118454400,441.536835
SPY,2022-02-07,449.51001,450.98999,445.850006,447.26001,84472900,440.119812
SPY,2022-02-08,446.730011,451.920013,445.220001,450.940002,81012000,443.741058
SPY,2022-02-09,455.220001,457.880005,455.01001,457.540009,92589900,450.235718
SPY,2022-02-10,451.339996,457.709991,447.200012,449.320007,140103700,442.146942
SPY,2022-02-11,449.410004,451.609985,438.940002,440.459991,153214600,433.428345
SPY,2022-02-14,439.920013,441.600006,435.339996,439.019989,123006300,432.011322
SPY,2022-02-15,443.730011,446.279999,443.179993,446.100006,88482700,438.978302
SPY,2022-02-16,443.929993,448.059998,441.940002,446.600006,84863600,439.470337
SPY,2022-02-17,443.220001,446.570007,436.420013,437.059998,102259100,430.082642
SPY,2022-02-18,437.329987,438.660004,431.820007,434.230011,132642900,427.297791
SPY,2022-02-22,431.890015,435.5,425.859985,429.570007,124391800,422.712189
SPY,2022-02-23,432.660004,433.26001,421.350006,421.950012,132578000,415.213867
SPY,2022-02-24,411.019989,428.76001,410.640015,428.299988,213942900,421.462463
SPY,2022-02-25,429.609985,437.839996,427.859985,437.75,121804500,430.761627
SPY,2022-02-28,432.029999,438.200012,430.700012,436.630005,145615000,429.659515
SPY,2022-03-01,435.040009,437.170013,427.109985,429.980011,137785900,423.115662
SPY,2022-03-02,432.369995,439.720001,431.570007,437.890015,117726500,430.899414
SPY,2022-03-03,440.470001,441.109985,433.799988,435.709991,105501700,428.75415
SPY,2022-03-04,431.75,433.369995,427.880005,432.170013,113978200,425.270721
SPY,2022-03-07,431.549988,432.299988,419.359985,419.429993,137896600,412.73407
SPY,2022-03-08,419.619995,427.209991,415.119995,416.25,164772700,409.604858
SPY,2022-03-09,425.140015,429.51001,422.820007,427.410004,116990800,420.586731
SPY,2022-03-10,422.519989,426.429993,420.440002,425.480011,93972700,418.6875
SPY,2022-03-11,428.119995,428.769989,419.529999,420.070007,95636300,413.363892
SPY,2022-03-14,420.890015,424.549988,415.790009,417,95729200,410.342865
SPY,2022-03-15,419.769989,426.839996,418.420013,426.170013,106219100,419.366486
SPY,2022-03-16,429.890015,435.679993,424.799988,435.619995,144954800,428.665588
SPY,2022-03-17,433.589996,441.070007,433.190002,441.070007,102676900,434.028595
SPY,2022-03-18,438,444.859985,437.220001,444.519989,106345500,438.78244
SPY,2022-03-21,444.339996,446.459991,440.679993,444.390015,88349800,438.654114
SPY,2022-03-22,445.859985,450.579987,445.859985,449.589996,74650400,443.786987
SPY,2022-03-23,446.910004,448.48999,443.709991,443.799988,79426100,438.071747
SPY,2022-03-24,445.940002,450.5,444.76001,450.48999,64736900,444.675385
SPY,2022-03-25,451.160004,452.980011,448.429993,452.690002,77101300,446.846985
SPY,2022-03-28,452.059998,455.910004,450.059998,455.910004,68529800,450.025421
SPY,2022-03-29,460.019989,462.070007,457.179993,461.549988,86581500,455.592651
SPY,2022-03-30,460.339996,461.200012,456.470001,458.700012,79666900,452.779449
SPY,2022-03-31,457.890015,458.76001,451.160004,451.640015,121699900,445.810577
SPY,2022-04-01,453.309998,453.459991,449.140015,452.920013,89048800,447.074036
SPY,2022-04-04,453.130005,456.910004,452.26001,456.799988,59601000,450.903931
SPY,2022-04-05,455.220001,457.829987,449.820007,451.029999,74214500,445.208405
SPY,2022-04-06,446.890015,448.929993,443.470001,446.519989,106898000,440.756622
SPY,2022-04-07,445.589996,450.690002,443.529999,448.769989,78097200,442.97757
SPY,2022-04-08,447.970001,450.630005,445.940002,447.570007,79272700,441.793091
SPY,2022-04-11,444.109985,445,439.390015,439.920013,89770500,434.241852
SPY,2022-04-12,443.079987,445.75,436.649994,438.290009,84363600,432.632843
SPY,2022-04-13,438.029999,444.109985,437.839996,443.309998,74070400,437.588074
SPY,2022-04-14,443.549988,444.730011,437.679993,437.790009,97869500,432.139343
SPY,2022-04-18,436.809998,439.75,435.609985,437.970001,66002500,432.316986
SPY,2022-04-19,437.859985,445.799988,437.679993,445.040009,77821000,439.295746
SPY,2022-04-20,446.920013,447.570007,443.480011,444.709991,65224400,438.970001
SPY,2022-04-21,448.540009,450.01001,437.100006,438.059998,85417300,432.405823
SPY,2022-04-22,436.910004,438.079987,425.440002,426.040009,132471800,420.540985
SPY,2022-04-25,423.670013,428.690002,418.839996,428.51001,119647700,422.979095
SPY,2022-04-26,425.829987,426.040009,416.070007,416.100006,103996300,410.729279
SPY,2022-04-27,417.23999,422.920013,415.01001,417.269989,122030000,411.884155
SPY,2022-04-28,422.290009,429.640015,417.600006,427.809998,105449100,422.288116
SPY,2022-04-29,423.589996,425.869995,411.209991,412,145491100,406.68219
SPY,2022-05-02,412.070007,415.920013,405.019989,414.480011,158312500,409.130188
SPY,2022-05-03,415.01001,418.929993,413.359985,416.380005,100028200,411.005676
SPY,2022-05-04,417.079987,429.660004,413.709991,429.059998,144247900,423.521973
SPY,2022-05-05,424.549988,425,409.440002,413.809998,172929100,408.468811
SPY,2022-05-06,411.100006,414.799988,405.730011,411.339996,151770800,406.030701
SPY,2022-05-09,405.100006,406.410004,396.5,398.170013,155586100,393.030701
SPY,2022-05-10,404.48999,406.079987,394.820007,399.089996,132497200,393.938843
SPY,2022-05-11,398.070007,404.040009,391.959991,392.75,142361000,387.680634
SPY,2022-05-12,389.369995,395.799988,385.149994,392.339996,125090800,387.27594
SPY,2022-05-13,396.709991,403.179993,395.609985,401.720001,104174400,396.534882
SPY,2022-05-16,399.980011,403.970001,397.600006,400.089996,78622400,394.925903
SPY,2022-05-17,406.529999,408.570007,402.579987,408.320007,83029700,403.049713
SPY,2022-05-18,403.5,403.799988,390.549988,391.859985,117674500,386.802094
SPY,2022-05-19,388.619995,394.140015,387.109985,389.459991,98510700,384.433105
SPY,2022-05-20,393.25,397.029999,380.540009,389.630005,131432200,384.600922
SPY,2022-05-23,392.829987,397.730011,390.380005,396.920013,76414900,391.796844
SPY,2022-05-24,392.559998,395.149994,386.959991,393.890015,91448800,388.805939
SPY,2022-05-25,392.309998,399.450012,391.890015,397.369995,91472900,392.241028
SPY,2022-05-26,398.670013,407.040009,398.450012,405.309998,82168300,400.078552
SPY,2022-05-27,407.910004,415.380005,407.700012,415.26001,84768700,409.900116
SPY,2022-05-31,413.549988,416.459991,410.029999,412.929993,95937000,407.600189
SPY,2022-06-01,415.170013,416.23999,406.929993,409.589996,86585800,404.303314
SPY,2022-06-02,409.420013,417.440002,407.040009,417.390015,79609600,412.002655
SPY,2022-06-03,412.399994,414.040009,409.51001,410.540009,71874300,405.241028
SPY,2022-06-06,414.779999,416.609985,410.549988,411.790009,57508900,406.474915
SPY,2022-06-07,408.100006,416.220001,407.609985,415.73999,59272400,410.373932
SPY,2022-06-08,413.929993,415.820007,410.380005,411.220001,64350000,405.912262
SPY,2022-06-09,409.339996,411.73999,401.440002,401.440002,86289800,396.258514
SPY,2022-06-10,394.880005,395.779999,389.75,389.799988,132893900,384.768707
SPY,2022-06-13,379.850006,381.809998,373.299988,375,170004900,370.15976
SPY,2022-06-14,376.850006,377.940002,370.589996,373.869995,104011800,369.044373
SPY,2022-06-15,377.359985,383.899994,372.119995,379.200012,125666800,374.305542
SPY,2022-06-16,370.51001,370.940002,364.079987,366.649994,134473300,361.917542
SPY,2022-06-17,365.51001,369.380005,362.170013,365.859985,111113900,362.697754
SPY,2022-06-21,371.890015,376.529999,371.809998,375.070007,76811900,371.828156
SPY,2022-06-22,370.619995,378.720001,370.179993,374.390015,90059400,371.154022
SPY,2022-06-23,376.640015,378.829987,372.890015,378.059998,79292100,374.792297
SPY,2022-06-24,381.399994,390.089996,381.369995,390.079987,98050300,386.708405
SPY,2022-06-27,391.049988,391.359985,387.440002,388.589996,66009600,385.231293
SPY,2022-06-28,390.230011,393.160004,380.529999,380.649994,86548900,377.359894
SPY,2022-06-29,381.230011,382.269989,378.420013,380.339996,65676000,377.052612
SPY,2022-06-30,376.23999,380.660004,372.559998,377.25,112508300,373.989288
SPY,2022-07-01,376.559998,381.700012,373.799988,381.23999,74839700,377.944794
SPY,2022-07-05,375.880005,381.980011,372.899994,381.959991,81438000,378.658569
SPY,2022-07-06,382.109985,385.869995,379.600006,383.25,70426200,379.937439
SPY,2022-07-07,385.119995,389.829987,383.269989,388.98999,64525900,385.627808
SPY,2022-07-08,387.269989,390.640015,385.660004,388.670013,72397800,385.310608
SPY,2022-07-11,385.850006,386.869995,383.5,384.230011,58366900,380.908966
SPY,2022-07-12,383.649994,386.160004,378.98999,380.829987,62219200,377.53833
SPY,2022-07-13,375.100006,381.920013,374.660004,378.829987,84224600,375.555634
SPY,2022-07-14,373.609985,379.049988,371.040009,377.910004,89704800,374.643585
SPY,2022-07-15,382.549988,385.25,380.540009,385.130005,79060400,381.801208
SPY,2022-07-18,388.380005,389.089996,380.660004,381.950012,63203600,378.648682
SPY,2022-07-19,386.079987,392.869995,385.390015,392.269989,78506000,388.879456
SPY,2022-07-20,392.470001,396.26001,391.029999,394.769989,71843800,391.357849
SPY,2022-07-21,394.160004,398.839996,391.630005,398.790009,64903900,395.343109
SPY,2022-07-22,398.920013,400.179993,392.75,395.089996,72197300,391.675079
SPY,2022-07-25,395.75,396.470001,393.209991,395.570007,53631500,392.15097
SPY,2022-07-26,393.839996,394.059998,389.950012,390.890015,52946400,387.511414
SPY,2022-07-27,394.359985,402.880005,394.049988,401.040009,82342100,397.5737
SPY,2022-07-28,401.890015,406.799988,398.149994,406.070007,73966600,402.560181
SPY,2022-07-29,407.579987,413.029999,406.769989,411.98999,87003700,408.429016
SPY,2022-08-01,409.149994,413.410004,408.399994,410.769989,69997500,407.219543
SPY,2022-08-02,409.119995,413,406.820007,408.059998,63435400,404.53302
SPY,2022-08-03,410.299988,415.679993,410,414.450012,67820600,410.867767
SPY,2022-08-04,414.369995,415.089996,412.440002,414.170013,45656600,410.59021
SPY,2022-08-05,409.660004,414.149994,409.600006,413.470001,56814900,409.89624
SPY,2022-08-08,415.25,417.619995,411.829987,412.98999,53886100,409.42038
SPY,2022-08-09,412.220001,412.75,410.220001,411.350006,44931800,407.794586
SPY,2022-08-10,418.779999,420.140015,416.720001,419.98999,68665700,416.359863
SPY,2022-08-11,422.98999,424.950012,419.209991,419.98999,59489700,416.359863
SPY,2022-08-12,422.029999,427.209991,421.029999,427.100006,61694500,423.408417
SPY,2022-08-15,424.769989,429.410004,424.709991,428.859985,54048300,425.153198
SPY,2022-08-16,427.730011,431.730011,426.880005,429.700012,59289000,425.985962
SPY,2022-08-17,425.910004,429.5,424.540009,426.649994,63563400,422.962311
SPY,2022-08-18,426.859985,428.609985,425.5,427.890015,49023200,424.191589
SPY,2022-08-19,424.980011,425.26001,421.220001,422.140015,68016900,418.491302
SPY,2022-08-22,417.049988,417.230011,412.399994,413.350006,77695600,409.777252
SPY,2022-08-23,412.899994,415.420013,411.769989,412.350006,49105200,408.78595
SPY,2022-08-24,412.109985,415.109985,411.390015,413.670013,49177800,410.094543
SPY,2022-08-25,415.23999,419.559998,414.089996,419.51001,50942300,415.884064
SPY,2022-08-26,419.390015,419.959991,405.25,405.309998,103087000,401.806763
SPY,2022-08-29,402.200012,405.839996,401.200012,402.630005,65370800,399.149963
SPY,2022-08-30,403.850006,404.100006,396,398.209991,85652400,394.768127
SPY,2022-08-31,399.929993,401.23999,395.040009,395.179993,76029700,391.764313
SPY,2022-09-01,392.890015,396.779999,390.040009,396.420013,78740100,392.993622
SPY,2022-09-02,400.279999,401.559998,390.329987,392.23999,99632100,388.849701
SPY,2022-09-06,393.130005,394.119995,388.420013,390.76001,76637400,387.382538
SPY,2022-09-07,390.429993,398.589996,390.200012,397.779999,70964200,394.341858
SPY,2022-09-08,395.390015,400.859985,394.119995,400.380005,80821700,396.919373
SPY,2022-09-09,402.73999,407.51001,402.459991,406.600006,76706900,403.085602
SPY,2022-09-12,408.779999,411.730011,408.459991,410.970001,69256300,407.417847
SPY,2022-09-13,401.829987,403.100006,391.920013,393.100006,122947100,389.702301
SPY,2022-09-14,394.470001,396.200012,391.119995,394.600006,85023700,391.189331
SPY,2022-09-15,392.959991,395.959991,388.779999,390.119995,87633800,386.748077
SPY,2022-09-16,384.140015,386.25,382.109985,385.559998,103084800,383.797607
SPY,2022-09-19,382.26001,388.549988,382.179993,388.549988,73278500,386.773926
SPY,2022-09-20,385.059998,386.119995,381.200012,384.089996,77274900,382.33432
SPY,2022-09-21,386.109985,389.309998,377.380005,377.390015,106746600,375.664948
SPY,2022-09-22,376.579987,378.299988,373.440002,374.220001,89472600,372.50943
SPY,2022-09-23,370.579987,370.619995,363.290009,367.950012,122346900,366.268097
SPY,2022-09-26,366.410004,370.209991,363.029999,364.309998,92581200,362.644714
SPY,2022-09-27,368.019989,370.399994,360.869995,363.380005,108294100,361.718994
SPY,2022-09-28,364.380005,372.299988,362.600006,370.529999,110802200,368.836304
SPY,2022-09-29,366.809998,367.109985,359.700012,362.790009,112952300,361.131683
SPY,2022-09-30,361.799988,365.910004,357.040009,357.179993,153711200,355.547302
SPY,2022-10-03,361.079987,368.549988,359.209991,366.609985,89756500,364.934204
SPY,2022-10-04,372.399994,378,366.570007,377.970001,103602800,376.242279
SPY,2022-10-05,373.390015,379.459991,370.950012,377.089996,88065700,375.366302
SPY,2022-10-06,375.619995,378.720001,372.679993,373.200012,82333500,371.49411
SPY,2022-10-07,368.970001,373.290009,360.940002,362.790009,107789500,361.131683
SPY,2022-10-10,363.959991,364.209991,357.670013,360.019989,76042800,358.374329
SPY,2022-10-11,358.23999,363.029999,355.709991,357.73999,92482800,356.104767
SPY,2022-10-12,358.170013,359.820007,356.299988,356.559998,76991800,354.930145
SPY,2022-10-13,349.209991,367.51001,348.109985,365.970001,147254500,364.29715
SPY,2022-10-14,368.549988,370.26001,356.959991,357.630005,123737000,355.99527
SPY,2022-10-17,364.01001,367.980011,357.279999,366.820007,93168200,365.14328
SPY,2022-10-18,375.130005,375.450012,367.519989,371.130005,97162900,369.433563
SPY,2022-10-19,368.98999,371.850006,365.549988,368.5,79746900,366.815582
SPY,2022-10-20,368.029999,372.670013,364.609985,365.410004,88283100,363.739716
SPY,2022-10-21,365.119995,374.799988,363.540009,374.290009,131038400,372.579132
SPY,2022-10-24,375.890015,380.059998,373.109985,378.869995,85436900,377.138184
SPY,2022-10-25,378.790009,385.25,378.670013,384.920013,78846300,383.160522
SPY,2022-10-26,381.619995,387.579987,381.350006,382.019989,104087300,380.273773
SPY,2022-10-27,383.070007,385,379.329987,379.980011,81971800,378.243103
SPY,2022-10-28,379.869995,389.519989,379.679993,389.019989,100302000,387.24176
SPY,2022-10-31,386.440002,388.399994,385.26001,386.209991,96631300,384.444611
SPY,2022-11-01,390.140015,390.390015,383.290009,384.519989,85407600,382.762329
SPY,2022-11-02,383.899994,388.630005,374.76001,374.869995,126990400,373.156464
SPY,2022-11-03,371.470001,374.200012,368.790009,371.01001,87100100,369.314117
SPY,2022-11-04,377,378.869995,370,376.350006,103505200,374.6297
SPY,2022-11-07,377.709991,380.570007,375.529999,379.950012,68286900,378.213257
SPY,2022-11-08,381.109985,385.119995,377.720001,382,84641100,380.253876
SPY,2022-11-09,379.929993,381.140015,373.609985,374.130005,78495500,372.419861
SPY,2022-11-10,388.049988,395.040009,385.640015,394.690002,141455800,392.885864
SPY,2022-11-11,395.589996,399.350006,393.609985,398.51001,93839900,396.688416
SPY,2022-11-14,396.660004,400.179993,394.829987,395.119995,71903500,393.313904
SPY,2022-11-15,401.149994,402.309998,394.48999,398.48999,93194500,396.668488
SPY,2022-11-16,396.779999,397.779999,394.790009,395.450012,68508500,393.642395
SPY,2022-11-17,390.459991,394.950012,390.140015,394.23999,74496300,392.437897
SPY,2022-11-18,397.73999,397.809998,393.040009,396.029999,92922500,394.219727
SPY,2022-11-21,394.640015,395.820007,392.660004,394.589996,51243200,392.786316
SPY,2022-11-22,396.630005,400.070007,395.149994,399.899994,60429000,398.072052
SPY,2022-11-23,399.549988,402.929993,399.309998,402.420013,68261600,400.580536
SPY,2022-11-25,401.829987,402.910004,401.540009,402.329987,30545400,400.490936
SPY,2022-11-28,399.089996,400.809998,395.109985,395.910004,67881600,394.100281
SPY,2022-11-29,396.049988,397.299988,393.299988,395.230011,52310000,393.423401
SPY,2022-11-30,395.48999,407.679993,393.480011,407.679993,144566700,405.816467
SPY,2022-12-01,408.769989,410,404.75,407.380005,76398200,405.517853
SPY,2022-12-02,402.25,407.859985,402.140015,406.910004,85342700,405.050018
SPY,2022-12-05,403.950012,404.929993,398.170013,399.589996,77289800,397.763458
SPY,2022-12-06,399.420013,399.98999,391.640015,393.829987,77972200,392.029785
SPY,2022-12-07,392.940002,395.640015,391.970001,393.160004,65927900,391.362854
SPY,2022-12-08,395.140015,397.359985,393.269989,396.23999,60737900,394.428772
SPY,2022-12-09,394.940002,397.619995,393.149994,393.279999,81447700,391.4823
SPY,2022-12-12,394.109985,398.950012,393.410004,398.950012,75405800,397.126404
SPY,2022-12-13,410.220001,410.48999,399.070007,401.970001,123782500,400.132599
SPY,2022-12-14,401.609985,405.5,396.309998,399.399994,108111300,397.574341
SPY,2022-12-15,394.299988,395.25,387.890015,389.630005,117705900,387.848999
SPY,2022-12-16,385.179993,386.579987,381.040009,383.269989,119858000,383.269989
SPY,2022-12-19,383.470001,383.820007,378.279999,380.019989,79878100,380.019989
SPY,2022-12-20,379.230011,382.230011,377.850006,380.540009,74427200,380.540009
SPY,2022-12-21,383.25,387.410004,382.690002,386.230011,78167400,386.230011
SPY,2022-12-22,383.049988,386.209991,374.769989,380.720001,100120900,380.720001
SPY,2022-12-23,379.649994,383.059998,378.029999,382.910004,59857300,382.910004
SPY,2022-12-27,382.790009,383.149994,379.649994,381.399994,51638200,381.399994
SPY,2022-12-28,381.329987,383.390015,376.420013,376.660004,70911500,376.660004
SPY,2022-12-29,379.630005,384.350006,379.079987,383.440002,66970900,383.440002
SPY,2022-12-30,380.640015,382.579987,378.429993,382.429993,83975100,382.429993
