Name,playerid,birth_date,PA_21,OBP_21,PA_20,OBP_20,PA_19,OBP_19,PA_18,OBP_18,PA_17,OBP_17,PA_16,OBP_16
Trayce Thompson,9952,1991-03-15,35,0.4,,,,,137.0,0.162,55.0,0.218,262.0,0.302
Mike Trout,10155,1991-08-07,146,0.466,241.0,0.39,600.0,0.43799999999999994,608.0,0.46,507.0,0.442,681.0,0.441
Bryce Harper,11579,1992-10-16,599,0.429,244.0,0.42,682.0,0.37200000000000005,695.0,0.39299999999999996,492.0,0.413,627.0,0.373
Chris Owings,10030,1991-08-12,50,0.42,44.0,0.318,196.0,0.209,309.0,0.272,386.0,0.299,466.0,0.315
Nick Fortes,21538,1996-11-11,34,0.353,,,,,,,,,,
Juan Soto,20123,1998-10-25,654,0.465,196.0,0.49,659.0,0.401,494.0,0.406,,,,
Vladimir Guerrero Jr.,19611,1999-03-16,698,0.401,243.0,0.32899999999999996,514.0,0.33899999999999997,,,,,,
Byron Buxton,14161,1993-12-18,254,0.358,135.0,0.267,295.0,0.314,94.0,0.183,511.0,0.314,331.0,0.284
Ronald Acuna Jr.,18401,1997-12-18,360,0.39399999999999996,202.0,0.406,715.0,0.365,487.0,0.366,,,,
Brandon Belt,10264,1988-04-20,381,0.37799999999999995,179.0,0.425,616.0,0.33899999999999997,456.0,0.342,451.0,0.355,655.0,0.39399999999999996
Jesse Winker,13590,1993-08-17,485,0.39399999999999996,183.0,0.38799999999999996,384.0,0.35700000000000004,334.0,0.405,137.0,0.375,,
Frank Schwindel,15351,1992-06-29,259,0.371,,,15.0,0.067,,,,,,
Fernando Tatis Jr.,19709,1999-01-02,546,0.364,257.0,0.366,372.0,0.379,,,,,,
Yasmani Grandal,11368,1988-11-08,375,0.42,194.0,0.35100000000000003,632.0,0.38,518.0,0.349,482.0,0.308,457.0,0.33899999999999997
Jose Siri,17452,1995-07-22,49,0.34700000000000003,,,,,,,,,,
Luis Robert,20043,1997-08-03,296,0.37799999999999995,227.0,0.302,,,,,,,,
Shohei Ohtani,19755,1994-07-05,639,0.37200000000000005,175.0,0.29100000000000004,425.0,0.34299999999999997,367.0,0.361,,,,
Kyle Schwarber,16478,1993-03-05,471,0.374,224.0,0.308,610.0,0.33899999999999997,510.0,0.35600000000000004,486.0,0.315,5.0,0.2
Joey Votto,4314,1983-09-10,533,0.375,223.0,0.354,608.0,0.35700000000000004,623.0,0.41700000000000004,707.0,0.45399999999999996,677.0,0.434
Nick Castellanos,11737,1992-03-04,585,0.36200000000000004,242.0,0.298,664.0,0.337,678.0,0.354,665.0,0.32,447.0,0.331
Corey Seager,13624,1994-04-27,409,0.39399999999999996,232.0,0.358,541.0,0.335,115.0,0.348,613.0,0.375,687.0,0.365
Aaron Judge,15640,1992-04-26,633,0.373,114.0,0.336,447.0,0.381,498.0,0.392,678.0,0.42200000000000004,95.0,0.263
Trea Turner,16252,1993-06-30,646,0.375,259.0,0.39399999999999996,569.0,0.353,740.0,0.344,447.0,0.33799999999999997,324.0,0.37
Bryan Reynolds,19326,1995-01-27,646,0.39,208.0,0.275,546.0,0.377,,,,,,
Ketel Marte,13613,1993-10-12,374,0.377,195.0,0.32299999999999995,628.0,0.389,580.0,0.332,255.0,0.345,466.0,0.287
Darin Ruf,9929,1986-07-28,312,0.385,100.0,0.37,,,,,,,89.0,0.23600000000000002
John Hicks,12547,1989-08-31,31,0.258,,,333.0,0.24,312.0,0.312,190.0,0.326,2.0,0.5
Tyler O'Neill,15711,1995-06-22,537,0.35200000000000004,157.0,0.261,151.0,0.311,142.0,0.303,,,,
C.J. Cron,12546,1990-01-05,547,0.375,52.0,0.34600000000000003,499.0,0.311,560.0,0.32299999999999995,373.0,0.305,445.0,0.325
Kyle Tucker,18345,1997-01-17,567,0.359,228.0,0.325,72.0,0.319,72.0,0.23600000000000002,,,,
George Springer,12856,1989-09-19,342,0.35200000000000004,222.0,0.359,556.0,0.38299999999999995,620.0,0.34600000000000003,629.0,0.36700000000000005,744.0,0.359
Austin Riley,18360,1997-04-02,662,0.36700000000000005,206.0,0.301,297.0,0.27899999999999997,,,,,,
Freddie Freeman,5361,1989-09-12,695,0.39299999999999996,262.0,0.462,692.0,0.389,707.0,0.38799999999999996,514.0,0.40299999999999997,693.0,0.4
Buster Posey,9166,1987-03-27,454,0.39,,,445.0,0.32,448.0,0.359,568.0,0.4,614.0,0.36200000000000004
Max Muncy,13301,1990-08-25,592,0.368,248.0,0.331,589.0,0.374,481.0,0.391,,,133.0,0.308
Matt Olson,14344,1994-03-29,673,0.371,245.0,0.31,547.0,0.35100000000000003,660.0,0.335,216.0,0.35200000000000004,28.0,0.321
Brandon Crawford,5343,1987-01-21,549,0.373,193.0,0.326,560.0,0.304,594.0,0.325,570.0,0.305,623.0,0.342
Greg Allen,16623,1993-03-15,48,0.41700000000000004,32.0,0.281,256.0,0.29,291.0,0.31,39.0,0.282,,
A.J. Pollock,9256,1987-12-05,422,0.355,210.0,0.314,342.0,0.327,460.0,0.316,466.0,0.33,46.0,0.326
Paul Goldschmidt,9218,1987-09-10,679,0.365,231.0,0.41700000000000004,682.0,0.34600000000000003,690.0,0.389,665.0,0.40399999999999997,705.0,0.41100000000000003
Rafael Devers,17350,1996-10-24,664,0.35200000000000004,248.0,0.31,702.0,0.361,490.0,0.298,240.0,0.33799999999999997,,
Jose Ramirez,13510,1992-09-17,636,0.355,254.0,0.386,542.0,0.327,698.0,0.387,645.0,0.374,618.0,0.363
Cedric Mullins II,17929,1994-10-01,675,0.36,153.0,0.315,74.0,0.18100000000000002,191.0,0.312,,,,
Mitch Garver,15161,1991-01-15,243,0.358,81.0,0.247,359.0,0.365,335.0,0.335,52.0,0.28800000000000003,,
Giancarlo Stanton,4949,1989-11-08,579,0.354,94.0,0.387,72.0,0.40299999999999997,705.0,0.34299999999999997,692.0,0.376,470.0,0.326
Yordan Alvarez,19556,1997-06-27,598,0.34600000000000003,9.0,0.33299999999999996,369.0,0.41200000000000003,,,,,,
Brandon Nimmo,12927,1993-03-27,386,0.401,225.0,0.40399999999999997,254.0,0.375,535.0,0.40399999999999997,215.0,0.379,80.0,0.33799999999999997
Teoscar Hernandez,13066,1992-10-15,595,0.34600000000000003,207.0,0.34,464.0,0.306,523.0,0.302,95.0,0.305,112.0,0.304
Xander Bogaerts,12161,1992-10-01,603,0.37,225.0,0.364,698.0,0.384,580.0,0.36,635.0,0.34299999999999997,719.0,0.35600000000000004
Marcus Semien,12533,1990-09-17,724,0.33399999999999996,236.0,0.305,747.0,0.369,703.0,0.318,386.0,0.325,621.0,0.3
Garrett Cooper,15279,1990-12-25,250,0.38,133.0,0.353,421.0,0.344,38.0,0.316,45.0,0.33299999999999996,,
Connor Joe,16572,1992-08-16,211,0.379,,,16.0,0.125,,,,,,
Mookie Betts,13611,1992-10-07,550,0.36700000000000005,246.0,0.366,706.0,0.391,614.0,0.43799999999999994,712.0,0.344,730.0,0.363
Rhys Hoskins,16472,1993-03-17,443,0.33399999999999996,185.0,0.384,705.0,0.364,660.0,0.354,212.0,0.396,,
Starling Marte,9241,1988-10-09,526,0.38299999999999995,250.0,0.34,586.0,0.342,606.0,0.327,339.0,0.33299999999999996,529.0,0.36200000000000004
J.D. Martinez,6184,1987-08-21,634,0.349,237.0,0.29100000000000004,657.0,0.38299999999999995,649.0,0.402,489.0,0.376,517.0,0.373
Will Smith,19197,1995-03-28,501,0.365,137.0,0.401,196.0,0.337,,,,,,
Carlos Correa,14162,1994-09-22,640,0.366,221.0,0.326,321.0,0.358,468.0,0.32299999999999995,481.0,0.391,660.0,0.361
Brandon Lowe,18882,1994-07-06,615,0.34,224.0,0.36200000000000004,327.0,0.336,148.0,0.324,,,,
Yuli Gurriel,19198,1984-06-09,605,0.38299999999999995,230.0,0.27399999999999997,612.0,0.34299999999999997,573.0,0.32299999999999995,564.0,0.332,137.0,0.292
Jonathan India,21523,1996-12-15,631,0.376,,,,,,,,,,
Pete Alonso,19251,1994-12-07,637,0.344,239.0,0.326,693.0,0.358,,,,,,
Salvador Perez,7304,1990-05-10,665,0.316,156.0,0.353,,,544.0,0.27399999999999997,499.0,0.297,546.0,0.28800000000000003
Mike Zunino,13265,1991-03-25,375,0.301,84.0,0.23800000000000002,289.0,0.23199999999999998,405.0,0.259,435.0,0.331,192.0,0.318
Justin Turner,5235,1984-11-23,612,0.361,175.0,0.4,549.0,0.37200000000000005,426.0,0.406,543.0,0.415,622.0,0.33899999999999997
Luke Maile,13355,1991-02-06,34,0.382,,,129.0,0.205,231.0,0.33299999999999996,136.0,0.17600000000000002,126.0,0.252
J.D. Davis,16219,1993-04-27,211,0.384,229.0,0.371,453.0,0.369,113.0,0.248,68.0,0.27899999999999997,,
Jared Walsh,18607,1993-07-30,585,0.34,108.0,0.324,87.0,0.276,,,,,,
Jose Altuve,5417,1990-05-06,678,0.35,210.0,0.28600000000000003,548.0,0.353,599.0,0.386,662.0,0.41,717.0,0.396
Kris Bryant,15429,1992-01-04,586,0.353,147.0,0.293,634.0,0.382,457.0,0.374,665.0,0.409,699.0,0.385
Matt Vierling,21558,1996-09-16,77,0.364,,,,,,,,,,
Rafael Ortega,10323,1991-05-15,330,0.36,,,96.0,0.271,143.0,0.287,,,202.0,0.28300000000000003
Adam Engel,15082,1991-12-09,140,0.336,93.0,0.33299999999999996,248.0,0.304,463.0,0.27899999999999997,336.0,0.235,,
Franmil Reyes,14566,1995-07-07,466,0.324,241.0,0.344,548.0,0.31,285.0,0.34,,,,
Jose Abreu,15676,1987-01-29,659,0.35100000000000003,262.0,0.37,693.0,0.33,553.0,0.325,675.0,0.354,695.0,0.353
Bo Bichette,19612,1998-03-05,690,0.34299999999999997,128.0,0.32799999999999996,212.0,0.358,,,,,,
Ty France,17982,1994-07-13,650,0.368,155.0,0.368,201.0,0.294,,,,,,
Alfonso Rivas,21560,1996-09-13,49,0.38799999999999996,,,,,,,,,,
Josh Donaldson,5038,1985-12-08,543,0.35200000000000004,102.0,0.373,659.0,0.379,219.0,0.35200000000000004,496.0,0.385,700.0,0.40399999999999997
Delino DeShields,11379,1992-08-16,58,0.375,120.0,0.31,408.0,0.325,393.0,0.31,440.0,0.34700000000000003,203.0,0.275
Evan Longoria,9368,1985-10-07,291,0.35100000000000003,209.0,0.297,508.0,0.325,512.0,0.281,677.0,0.313,685.0,0.318
Gavin Sheets,19901,1996-04-23,179,0.324,,,,,,,,,,
Josh Bell,13145,1992-08-14,568,0.34700000000000003,223.0,0.305,613.0,0.36700000000000005,583.0,0.35700000000000004,620.0,0.33399999999999996,152.0,0.368
Tony Kemp,14894,1991-10-31,397,0.382,114.0,0.363,279.0,0.29100000000000004,295.0,0.35100000000000003,39.0,0.256,136.0,0.29600000000000004
Manny Machado,11493,1992-07-06,640,0.34700000000000003,254.0,0.37,661.0,0.33399999999999996,709.0,0.36700000000000005,690.0,0.31,696.0,0.34299999999999997
Randy Arozarena,19290,1995-02-28,604,0.35600000000000004,76.0,0.382,23.0,0.391,,,,,,
Willy Adames,15986,1995-09-02,555,0.337,205.0,0.332,584.0,0.317,323.0,0.348,,,,
Jorge Polanco,13152,1993-07-05,644,0.32299999999999995,226.0,0.304,704.0,0.35600000000000004,333.0,0.345,544.0,0.313,270.0,0.332
Joey Gallo,14128,1993-11-19,616,0.35100000000000003,226.0,0.301,297.0,0.389,577.0,0.312,532.0,0.33299999999999996,30.0,0.2
Wander Franco,23667,2001-03-01,308,0.34700000000000003,,,,,,,,,,
Yoan Moncada,17232,1995-05-27,616,0.375,231.0,0.32,559.0,0.36700000000000005,650.0,0.315,231.0,0.33799999999999997,20.0,0.25
Jason Castro,8722,1987-06-18,179,0.35600000000000004,92.0,0.293,275.0,0.332,74.0,0.257,407.0,0.33299999999999996,376.0,0.307
Michael Brantley,4106,1987-05-15,508,0.36200000000000004,187.0,0.364,637.0,0.37200000000000005,631.0,0.364,375.0,0.35700000000000004,43.0,0.27899999999999997
Patrick Wisdom,13602,1991-08-27,375,0.305,2.0,0.0,28.0,0.185,58.0,0.36200000000000004,,,,
Nelson Cruz,2434,1980-07-01,584,0.33399999999999996,214.0,0.397,521.0,0.392,591.0,0.342,645.0,0.375,667.0,0.36
Tyler Stephenson,17988,1996-08-16,402,0.366,20.0,0.4,,,,,,,,
Thairo Estrada,16426,1996-02-22,132,0.33299999999999996,52.0,0.231,69.0,0.294,,,,,,
Avisail Garcia,5760,1991-06-12,515,0.33,207.0,0.33299999999999996,530.0,0.332,385.0,0.281,561.0,0.38,453.0,0.307
Tyler Naquin,13359,1991-04-24,454,0.33299999999999996,141.0,0.248,294.0,0.325,183.0,0.295,40.0,0.25,365.0,0.37200000000000005
Tim Anderson,15172,1993-06-23,551,0.33799999999999997,221.0,0.35700000000000004,518.0,0.35700000000000004,606.0,0.281,606.0,0.276,431.0,0.306
Jeimer Candelario,13621,1993-11-24,626,0.35100000000000003,206.0,0.369,386.0,0.306,619.0,0.317,142.0,0.359,14.0,0.28600000000000003
Jake Burger,22275,1996-04-10,42,0.33299999999999996,,,,,,,,,,
Javier Baez,12979,1992-12-01,547,0.319,235.0,0.23800000000000002,561.0,0.316,645.0,0.326,508.0,0.317,450.0,0.314
Hunter Renfroe,15464,1992-01-28,572,0.315,139.0,0.252,494.0,0.289,441.0,0.302,479.0,0.284,36.0,0.389
Santiago Espinal,19997,1994-11-13,246,0.376,66.0,0.308,,,,,,,,
LaMonte Wade Jr.,18126,1994-01-01,381,0.326,44.0,0.318,69.0,0.348,,,,,,
Brendan Rodgers,17907,1996-08-09,415,0.32799999999999996,21.0,0.095,81.0,0.272,,,,,,
Trevor Story,12564,1992-11-15,595,0.32899999999999996,259.0,0.355,656.0,0.363,656.0,0.348,555.0,0.308,415.0,0.341
Jake Cronenworth,18036,1994-01-21,643,0.34,192.0,0.354,,,,,,,,
Ramon Urias,18795,1994-06-03,296,0.361,27.0,0.40700000000000003,,,,,,,,
Adam Frazier,15223,1991-12-14,639,0.368,230.0,0.297,608.0,0.336,352.0,0.342,454.0,0.344,160.0,0.35600000000000004
Luis Urias,16622,1997-06-03,570,0.345,120.0,0.308,249.0,0.32899999999999996,53.0,0.264,,,,
Mitch Haniger,14274,1990-12-23,691,0.318,,,283.0,0.314,683.0,0.366,410.0,0.35200000000000004,123.0,0.309
Matt Beaty,17710,1993-04-28,234,0.363,54.0,0.278,268.0,0.317,,,,,,
Jesus Sanchez,19913,1997-10-07,251,0.319,29.0,0.172,,,,,,,,
Bryan De La Cruz,19600,1996-12-16,219,0.35600000000000004,,,,,,,,,,
Anthony Rizzo,3473,1989-08-08,576,0.344,243.0,0.342,613.0,0.405,665.0,0.376,691.0,0.392,676.0,0.385
Jake Rogers,19452,1995-04-18,127,0.306,,,128.0,0.222,,,,,,
Chris Taylor,13757,1990-08-29,582,0.344,214.0,0.366,414.0,0.33299999999999996,604.0,0.331,568.0,0.354,65.0,0.262
T.J. Friedl,19522,1995-08-14,36,0.361,,,,,,,,,,
Enrique Hernandez,10472,1991-08-24,585,0.337,148.0,0.27,460.0,0.304,462.0,0.336,342.0,0.308,244.0,0.28300000000000003
Jean Segura,5933,1990-03-17,567,0.348,217.0,0.34700000000000003,618.0,0.32299999999999995,632.0,0.341,566.0,0.349,694.0,0.368
Robbie Grossman,5254,1989-09-16,671,0.35700000000000004,192.0,0.344,482.0,0.33399999999999996,465.0,0.36700000000000005,456.0,0.361,389.0,0.386
Jordan Luplow,16424,1993-09-26,193,0.326,92.0,0.304,261.0,0.37200000000000005,103.0,0.272,87.0,0.276,,
Wilmer Flores,5827,1991-08-06,436,0.335,213.0,0.315,285.0,0.361,429.0,0.319,362.0,0.307,335.0,0.319
Willson Contreras,11609,1992-05-13,483,0.34,225.0,0.35600000000000004,409.0,0.355,544.0,0.33899999999999997,428.0,0.35600000000000004,283.0,0.35700000000000004
Nathaniel Lowe,19566,1995-07-07,642,0.35700000000000004,76.0,0.316,169.0,0.325,,,,,,
Kolten Wong,12532,1990-10-10,492,0.335,208.0,0.35,549.0,0.361,407.0,0.332,411.0,0.376,361.0,0.327
Robinson Chirinos,3142,1984-06-05,112,0.324,82.0,0.23199999999999998,437.0,0.34700000000000003,426.0,0.33799999999999997,309.0,0.36,170.0,0.314
Nolan Arenado,9777,1991-04-16,653,0.312,201.0,0.303,662.0,0.379,673.0,0.374,680.0,0.373,696.0,0.36200000000000004
Ozzie Albies,16556,1997-01-07,686,0.31,124.0,0.306,702.0,0.35200000000000004,684.0,0.305,244.0,0.354,,
Dylan Carlson,20126,1998-10-23,619,0.34299999999999997,119.0,0.252,,,,,,,,
J.T. Realmuto,11739,1991-03-18,537,0.34299999999999997,195.0,0.349,593.0,0.32799999999999996,531.0,0.34,579.0,0.332,545.0,0.34299999999999997
Alex Bregman,17678,1994-03-30,400,0.355,180.0,0.35,690.0,0.423,705.0,0.39399999999999996,626.0,0.35200000000000004,217.0,0.313
Dustin Garneau,9433,1987-08-13,68,0.25,46.0,0.273,101.0,0.35,3.0,0.667,126.0,0.272,75.0,0.293
Nick Madrigal,20521,1997-03-05,215,0.349,109.0,0.376,,,,,,,,
Ryan Mountcastle,18373,1997-02-18,586,0.309,140.0,0.386,,,,,,,,
Andrew McCutchen,9847,1986-10-10,574,0.33399999999999996,241.0,0.324,262.0,0.37799999999999995,682.0,0.368,650.0,0.363,675.0,0.336
Eduardo Escobar,6153,1989-01-05,599,0.314,222.0,0.27,699.0,0.32,631.0,0.33399999999999996,499.0,0.309,377.0,0.28
Ji-Man Choi,5452,1991-05-19,305,0.348,145.0,0.331,487.0,0.363,221.0,0.35700000000000004,18.0,0.33299999999999996,129.0,0.271
Ryan McMahon,15112,1994-12-14,596,0.331,193.0,0.295,539.0,0.32899999999999996,202.0,0.307,24.0,0.33299999999999996,,
Alex Verdugo,17027,1996-05-15,604,0.35100000000000003,221.0,0.36700000000000005,377.0,0.342,86.0,0.32899999999999996,25.0,0.24,,
Bobby Dalbec,19966,1995-06-29,453,0.298,92.0,0.359,,,,,,,,
Jesus Aguilar,11342,1990-06-30,510,0.32899999999999996,216.0,0.35200000000000004,369.0,0.325,566.0,0.35200000000000004,311.0,0.331,6.0,0.0
Brandon Drury,11615,1992-08-21,88,0.307,49.0,0.184,447.0,0.262,86.0,0.256,480.0,0.317,499.0,0.32899999999999996
Taylor Ward,17548,1993-12-14,237,0.332,102.0,0.33299999999999996,48.0,0.292,147.0,0.245,,,,
Mark Canha,11445,1989-02-15,625,0.358,243.0,0.387,497.0,0.396,411.0,0.32799999999999996,187.0,0.262,44.0,0.14
Lourdes Gurriel Jr.,19238,1993-10-10,541,0.319,224.0,0.348,343.0,0.327,263.0,0.309,,,,
Kyle Isbel,21614,1997-03-03,83,0.337,,,,,,,,,,
Tres Barrera,19977,1994-09-15,107,0.374,,,2.0,0.0,,,,,,
Charlie Blackmon,7859,1986-07-01,582,0.35100000000000003,247.0,0.35600000000000004,634.0,0.364,696.0,0.358,725.0,0.39899999999999997,641.0,0.381
Tyrone Taylor,13675,1994-01-22,271,0.321,41.0,0.293,12.0,0.5,,,,,,
Riley Adams,19864,1996-06-26,120,0.358,,,,,,,,,,
Christian Arroyo,16434,1995-05-30,181,0.324,54.0,0.29600000000000004,57.0,0.304,59.0,0.33899999999999997,135.0,0.244,,
Luke Voit,14811,1991-02-13,241,0.32799999999999996,234.0,0.33799999999999997,510.0,0.37799999999999995,161.0,0.39799999999999996,124.0,0.306,,
Andy Young,19521,1994-05-10,104,0.298,34.0,0.382,,,,,,,,
Miguel Sano,12164,1993-05-11,532,0.312,205.0,0.278,439.0,0.34600000000000003,299.0,0.281,483.0,0.35200000000000004,495.0,0.319
Brad Miller,12775,1989-10-18,377,0.321,171.0,0.35700000000000004,170.0,0.32899999999999996,254.0,0.311,407.0,0.327,601.0,0.304
Geraldo Perdomo,22799,1999-10-22,37,0.37799999999999995,,,,,,,,,,
Harrison Bader,18030,1994-06-03,401,0.324,125.0,0.336,406.0,0.314,427.0,0.33399999999999996,92.0,0.28300000000000003,,
Wil Myers,10047,1990-12-10,500,0.33399999999999996,218.0,0.353,490.0,0.321,343.0,0.318,649.0,0.32799999999999996,676.0,0.336
Alejandro Kirk,22581,1998-11-06,189,0.32799999999999996,25.0,0.4,,,,,,,,
Elias Diaz,11680,1990-11-17,371,0.31,73.0,0.28800000000000003,332.0,0.29600000000000004,277.0,0.33899999999999997,200.0,0.265,4.0,0.0
Nico Hoerner,21479,1997-05-13,170,0.382,126.0,0.312,82.0,0.305,,,,,,
Max Schrock,17750,1994-10-12,134,0.32799999999999996,17.0,0.17600000000000002,,,,,,,,
Danny Jansen,16535,1995-04-15,205,0.299,147.0,0.313,384.0,0.27899999999999997,95.0,0.34700000000000003,,,,
Akil Baddoo,22168,1998-08-16,461,0.33,,,,,,,,,,
Nicky Lopez,19339,1995-03-13,565,0.365,192.0,0.28600000000000003,402.0,0.276,,,,,,
Carson Kelly,13620,1994-07-14,359,0.34299999999999997,129.0,0.264,365.0,0.348,42.0,0.205,75.0,0.24,14.0,0.214
Jake Meyers,20308,1996-06-18,163,0.32299999999999995,,,,,,,,,,
Austin Hays,19363,1995-07-05,529,0.308,134.0,0.32799999999999996,75.0,0.373,,,63.0,0.23800000000000002,,
Ian Happ,17919,1994-08-12,535,0.32299999999999995,231.0,0.361,156.0,0.33299999999999996,462.0,0.353,413.0,0.32799999999999996,,
Andrew Benintendi,17901,1994-07-06,538,0.324,52.0,0.314,615.0,0.34299999999999997,661.0,0.366,658.0,0.35200000000000004,118.0,0.359
Lane Thomas,16939,1995-08-23,264,0.341,40.0,0.2,44.0,0.409,,,,,,
Ramon Laureano,17128,1994-07-15,378,0.317,222.0,0.33799999999999997,481.0,0.34,176.0,0.358,,,,
Steven Duggar,17719,1993-11-04,297,0.33,36.0,0.222,281.0,0.278,152.0,0.303,,,,
Austin Meadows,15672,1995-05-03,591,0.315,152.0,0.29600000000000004,591.0,0.364,191.0,0.325,,,,
Josh Rojas,19734,1994-06-30,550,0.341,70.0,0.257,157.0,0.312,,,,,,
Matt Duffy,13836,1991-01-15,322,0.35700000000000004,,,169.0,0.34299999999999997,560.0,0.361,,,366.0,0.31
Max Stassi,10059,1991-03-15,319,0.326,105.0,0.35200000000000004,147.0,0.21100000000000002,250.0,0.316,31.0,0.32299999999999995,13.0,0.077
Chas McCormick,19599,1995-04-19,320,0.319,,,,,,,,,,
Trey Mancini,15149,1992-03-18,616,0.326,,,679.0,0.364,636.0,0.299,586.0,0.33799999999999997,15.0,0.4
Mike Yastrzemski,14854,1990-08-23,532,0.311,225.0,0.4,411.0,0.33399999999999996,,,,,,
Kevin Plawecki,13807,1991-02-26,173,0.349,89.0,0.39299999999999996,174.0,0.287,277.0,0.315,118.0,0.364,151.0,0.298
Andy Ibanez,18819,1993-04-03,272,0.321,,,,,,,,,,
Yandy Diaz,16578,1991-08-08,541,0.353,138.0,0.428,347.0,0.34,120.0,0.375,179.0,0.35200000000000004,,
Christian Yelich,11477,1991-12-05,475,0.36200000000000004,247.0,0.35600000000000004,580.0,0.429,651.0,0.402,695.0,0.369,659.0,0.376
Keibert Ruiz,19610,1998-07-20,96,0.33299999999999996,8.0,0.25,,,,,,,,
Alcides Escobar,6310,1986-12-16,349,0.34,,,,,531.0,0.27899999999999997,629.0,0.272,682.0,0.292
Daniel Vogelbach,14130,1992-12-17,258,0.349,136.0,0.331,558.0,0.341,102.0,0.324,31.0,0.29,13.0,0.154
Josh Harrison,8202,1987-07-08,558,0.341,91.0,0.35200000000000004,147.0,0.218,374.0,0.293,542.0,0.33899999999999997,522.0,0.311
Donovan Solano,8623,1987-12-17,344,0.344,203.0,0.365,228.0,0.36,,,,,23.0,0.261
Adam Duvall,10950,1988-09-04,555,0.281,209.0,0.301,130.0,0.315,427.0,0.27399999999999997,647.0,0.301,608.0,0.297
Jonathan Schoop,11265,1991-10-16,674,0.32,177.0,0.324,464.0,0.304,501.0,0.266,675.0,0.33799999999999997,647.0,0.298
Jorge Soler,14221,1992-02-25,602,0.316,174.0,0.326,679.0,0.354,257.0,0.354,110.0,0.245,264.0,0.33299999999999996
Jake Fraley,19260,1995-05-25,265,0.35200000000000004,29.0,0.24100000000000002,41.0,0.171,,,,,,
Dansby Swanson,18314,1994-02-11,653,0.311,264.0,0.345,545.0,0.325,533.0,0.304,551.0,0.312,145.0,0.361
Omar Narvaez,13338,1992-02-10,445,0.342,126.0,0.294,482.0,0.353,322.0,0.366,295.0,0.373,117.0,0.35
Daulton Varsho,19918,1996-07-02,315,0.318,115.0,0.287,,,,,,,,
Ben Gamel,12160,1992-05-17,400,0.34700000000000003,127.0,0.315,356.0,0.337,293.0,0.358,550.0,0.322,57.0,0.278
Edmundo Sosa,17022,1996-03-06,326,0.34600000000000003,,,10.0,0.4,3.0,0.33299999999999996,,,,
Michael Conforto,16376,1993-03-01,479,0.344,233.0,0.41200000000000003,648.0,0.363,638.0,0.35,440.0,0.384,348.0,0.31
Luis Arraez,18568,1997-04-09,479,0.35700000000000004,121.0,0.364,366.0,0.39899999999999997,,,,,,
Austin Slater,16153,1992-12-13,306,0.32,104.0,0.408,192.0,0.33299999999999996,225.0,0.33299999999999996,127.0,0.33899999999999997,,
Abraham Almonte,5486,1989-06-27,175,0.331,13.0,0.231,38.0,0.42100000000000004,151.0,0.26,195.0,0.314,194.0,0.294
Yadiel Hernandez,19334,1987-10-09,289,0.32899999999999996,28.0,0.214,,,,,,,,
Trent Grisham,18564,1996-11-01,527,0.327,252.0,0.35200000000000004,183.0,0.32799999999999996,,,,,,
Austin Dean,18288,1993-10-14,38,0.342,7.0,0.5710000000000001,189.0,0.261,122.0,0.27899999999999997,,,,
Kyle Lewis,19508,1995-07-13,147,0.33299999999999996,242.0,0.364,75.0,0.293,,,,,,
Francisco Mejia,16403,1995-10-27,277,0.322,42.0,0.14300000000000002,244.0,0.316,62.0,0.258,14.0,0.214,,
Jonathan Villar,10071,1991-05-02,505,0.322,207.0,0.301,714.0,0.33899999999999997,515.0,0.325,436.0,0.293,679.0,0.369
Eric Hosmer,3516,1989-10-24,565,0.337,156.0,0.33299999999999996,667.0,0.31,677.0,0.322,671.0,0.385,667.0,0.32799999999999996
Ryan Zimmerman,4220,1984-09-28,273,0.28600000000000003,,,190.0,0.321,323.0,0.337,576.0,0.358,467.0,0.272
Lorenzo Cain,9077,1986-04-13,286,0.32899999999999996,21.0,0.429,623.0,0.325,620.0,0.395,645.0,0.363,434.0,0.33899999999999997
Jace Peterson,12325,1990-05-09,302,0.348,61.0,0.39299999999999996,108.0,0.26899999999999996,246.0,0.31,215.0,0.318,408.0,0.35
Tommy Pham,2967,1988-03-08,561,0.34,125.0,0.312,654.0,0.369,570.0,0.36700000000000005,530.0,0.41100000000000003,183.0,0.324
Pavin Smith,19892,1996-02-06,545,0.32799999999999996,44.0,0.341,,,,,,,,
Sam Hilliard,17954,1994-02-21,238,0.294,114.0,0.272,87.0,0.35600000000000004,,,,,,
Colin Moran,16909,1992-10-01,359,0.33399999999999996,200.0,0.325,503.0,0.322,465.0,0.34,12.0,0.41700000000000004,25.0,0.2
Yermin Mercedes,17423,1993-02-14,262,0.32799999999999996,1.0,0.0,,,,,,,,
Corey Dickerson,10762,1989-05-22,365,0.326,210.0,0.311,279.0,0.341,533.0,0.33,629.0,0.325,548.0,0.293
Eloy Jimenez,17484,1996-11-27,231,0.303,226.0,0.332,504.0,0.315,,,,,,
Joey Wendle,13853,1990-04-26,501,0.319,184.0,0.342,263.0,0.293,545.0,0.354,14.0,0.35700000000000004,104.0,0.298
Francisco Lindor,12916,1993-11-14,524,0.322,266.0,0.335,654.0,0.335,745.0,0.35200000000000004,723.0,0.337,684.0,0.358
Ehire Adrianza,8418,1989-08-21,209,0.327,101.0,0.287,236.0,0.349,366.0,0.301,186.0,0.324,71.0,0.299
Jose Rondon,14140,1994-03-03,90,0.322,,,157.0,0.263,107.0,0.28,,,26.0,0.154
Eric Haase,14111,1992-12-18,381,0.28600000000000003,19.0,0.21100000000000002,17.0,0.11800000000000001,17.0,0.17600000000000002,,,,
Lars Nootbaar,21454,1997-09-08,124,0.317,,,,,,,,,,
Eddie Rosario,12155,1991-09-28,412,0.305,231.0,0.316,590.0,0.3,592.0,0.32299999999999995,589.0,0.32799999999999996,354.0,0.295
Kyle Farmer,14813,1990-08-17,529,0.316,70.0,0.32899999999999996,197.0,0.27899999999999997,77.0,0.312,20.0,0.3,,
Austin Nola,15941,1989-12-28,194,0.34,184.0,0.353,267.0,0.342,,,,,,
Amed Rosario,15518,1995-11-20,588,0.321,147.0,0.272,655.0,0.32299999999999995,592.0,0.295,170.0,0.271,,
Joc Pederson,11899,1992-04-21,481,0.31,138.0,0.285,514.0,0.33899999999999997,443.0,0.321,323.0,0.331,476.0,0.35200000000000004
Jake McCarthy,21622,1997-07-30,70,0.33299999999999996,,,,,,,,,,
Manny Pina,2829,1987-06-05,208,0.293,45.0,0.33299999999999996,179.0,0.313,337.0,0.307,359.0,0.327,81.0,0.34600000000000003
DJ LeMahieu,9874,1988-07-13,679,0.349,216.0,0.42100000000000004,655.0,0.375,581.0,0.321,682.0,0.374,635.0,0.41600000000000004
Seth Brown,18171,1992-07-13,307,0.27399999999999997,5.0,0.0,83.0,0.361,,,,,,
Bobby Bradley,17278,1996-05-29,279,0.294,,,49.0,0.245,,,,,,
Gary Sanchez,11442,1992-12-02,440,0.307,178.0,0.253,446.0,0.316,374.0,0.29100000000000004,525.0,0.345,229.0,0.376
Brian Anderson,18289,1993-05-19,264,0.337,229.0,0.345,520.0,0.342,670.0,0.35700000000000004,95.0,0.337,,
Kyle Garlick,18063,1992-01-26,107,0.28,23.0,0.174,53.0,0.321,,,,,,
Adolis Garcia,19287,1993-03-02,622,0.28600000000000003,7.0,0.14300000000000002,,,17.0,0.11800000000000001,,,,
David Peralta,2136,1987-08-14,538,0.325,218.0,0.33899999999999997,423.0,0.34299999999999997,614.0,0.35200000000000004,577.0,0.35200000000000004,183.0,0.295
J.P. Crawford,15491,1995-01-11,687,0.33799999999999997,232.0,0.336,396.0,0.313,138.0,0.319,87.0,0.35600000000000004,,
Alex Dickerson,12649,1990-05-26,312,0.304,170.0,0.371,190.0,0.332,,,,,285.0,0.33299999999999996
Brett Phillips,14735,1994-05-30,292,0.3,59.0,0.305,79.0,0.247,147.0,0.252,98.0,0.35100000000000003,,
Jazz Chisholm Jr.,20454,1998-02-01,507,0.303,62.0,0.242,,,,,,,,
Travis Jankowski,13768,1991-06-15,157,0.364,17.0,0.17600000000000002,24.0,0.25,387.0,0.332,87.0,0.282,383.0,0.332
Odubel Herrera,11476,1991-12-29,492,0.31,,,139.0,0.28800000000000003,597.0,0.31,563.0,0.325,656.0,0.361
Leury Garcia,5913,1991-03-18,474,0.335,63.0,0.317,618.0,0.31,275.0,0.303,326.0,0.316,50.0,0.26
Jacob Stallings,13723,1989-12-22,427,0.335,143.0,0.326,210.0,0.325,41.0,0.268,16.0,0.43799999999999994,15.0,0.4
Wilmer Difo,14320,1992-04-02,240,0.32899999999999996,18.0,0.222,144.0,0.315,456.0,0.298,365.0,0.319,66.0,0.364
Matt Chapman,16505,1993-04-28,622,0.314,152.0,0.276,670.0,0.342,616.0,0.35600000000000004,326.0,0.313,,
Miguel Rojas,7802,1989-02-24,539,0.322,143.0,0.392,526.0,0.331,528.0,0.297,306.0,0.361,214.0,0.28800000000000003
Jed Lowrie,4418,1984-04-17,512,0.318,,,8.0,0.125,680.0,0.353,645.0,0.36,369.0,0.314
Luis Torrens,15905,1996-05-02,378,0.299,78.0,0.325,16.0,0.313,,,139.0,0.243,,
Alex Avila,7476,1987-01-29,111,0.345,62.0,0.355,201.0,0.353,234.0,0.299,376.0,0.387,209.0,0.359
Myles Straw,17620,1994-10-17,638,0.349,86.0,0.244,128.0,0.37799999999999995,10.0,0.4,,,,
Aledmys Diaz,15937,1990-08-01,319,0.317,59.0,0.254,247.0,0.35600000000000004,452.0,0.303,301.0,0.29,460.0,0.369
Luis Guillorme,16451,1994-09-27,156,0.374,68.0,0.426,70.0,0.324,74.0,0.284,,,,
Kevin Kiermaier,11038,1990-04-22,390,0.32799999999999996,159.0,0.321,480.0,0.278,367.0,0.282,421.0,0.33799999999999997,414.0,0.331
Anthony Rendon,12861,1990-06-06,249,0.32899999999999996,232.0,0.418,646.0,0.41200000000000003,597.0,0.374,605.0,0.40299999999999997,647.0,0.348
Anthony Alford,14329,1994-07-20,148,0.311,29.0,0.24100000000000002,30.0,0.233,21.0,0.19,8.0,0.125,,
D.J. Stewart,17766,1993-11-30,318,0.324,112.0,0.355,142.0,0.317,47.0,0.34,,,,
Nick Maton,21635,1997-02-18,131,0.32299999999999995,,,,,,,,,,
Sean Murphy,19352,1994-10-04,448,0.306,140.0,0.364,60.0,0.33299999999999996,,,,,,
Gio Urshela,10681,1991-10-11,442,0.301,174.0,0.368,476.0,0.355,46.0,0.28300000000000003,165.0,0.262,,
Max Kepler,12144,1993-02-10,490,0.306,196.0,0.321,596.0,0.336,611.0,0.319,568.0,0.312,447.0,0.309
Starlin Castro,4579,1990-03-24,346,0.33299999999999996,63.0,0.302,676.0,0.3,647.0,0.32899999999999996,473.0,0.33799999999999997,610.0,0.3
Yan Gomes,9627,1987-07-19,375,0.301,119.0,0.319,358.0,0.316,435.0,0.313,383.0,0.309,264.0,0.201
Kyle Seager,9785,1987-11-03,670,0.285,248.0,0.355,443.0,0.321,630.0,0.273,650.0,0.32299999999999995,676.0,0.359
Michael Hermosillo,16285,1995-01-17,38,0.237,10.0,0.3,46.0,0.304,62.0,0.27399999999999997,,,,
Tommy La Stella,12371,1989-01-31,242,0.308,228.0,0.37,321.0,0.34600000000000003,192.0,0.34,151.0,0.389,169.0,0.35700000000000004
Chad Pinder,15191,1992-03-29,233,0.3,61.0,0.295,370.0,0.29,333.0,0.332,309.0,0.292,55.0,0.273
Gleyber Torres,16997,1996-12-13,516,0.331,160.0,0.35600000000000004,604.0,0.337,484.0,0.34,,,,
Anthony Santander,14551,1994-10-19,438,0.28600000000000003,165.0,0.315,405.0,0.297,108.0,0.25,31.0,0.258,,
Alex Kirilloff,20325,1997-11-09,231,0.299,,,,,,,,,,
Andrew Vaughn,26197,1998-04-03,469,0.309,,,,,,,,,,
Whit Merrifield,11281,1989-01-24,720,0.317,265.0,0.325,735.0,0.348,707.0,0.36700000000000005,630.0,0.324,332.0,0.32299999999999995
Adalberto Mondesi,13769,1995-07-27,136,0.271,233.0,0.294,443.0,0.29100000000000004,291.0,0.306,60.0,0.214,149.0,0.231
Eugenio Suarez,12552,1991-07-18,574,0.28600000000000003,231.0,0.312,662.0,0.358,606.0,0.366,632.0,0.36700000000000005,627.0,0.317
Brian Goodwin,12858,1990-11-02,271,0.319,164.0,0.299,458.0,0.326,180.0,0.318,278.0,0.313,44.0,0.318
Rowdy Tellez,15679,1995-03-16,325,0.305,127.0,0.34600000000000003,409.0,0.293,73.0,0.32899999999999996,,,,
Derek Hill,16947,1995-12-30,150,0.313,12.0,0.16699999999999998,,,,,,,,
Freddy Galvis,6609,1989-11-14,394,0.302,159.0,0.308,589.0,0.29600000000000004,656.0,0.299,663.0,0.309,624.0,0.27399999999999997
Brett Gardner,9927,1983-08-24,461,0.327,158.0,0.354,550.0,0.325,609.0,0.322,682.0,0.35,634.0,0.35100000000000003
Justin Upton,5222,1987-08-25,362,0.29600000000000004,166.0,0.289,256.0,0.309,613.0,0.344,635.0,0.361,626.0,0.31
Miguel Cabrera,1744,1983-04-18,526,0.316,231.0,0.32899999999999996,549.0,0.34600000000000003,157.0,0.395,529.0,0.32899999999999996,679.0,0.39299999999999996
Raimel Tapia,14350,1994-02-04,533,0.327,206.0,0.369,447.0,0.309,27.0,0.259,171.0,0.32899999999999996,41.0,0.293
Tyler Wade,15730,1994-11-23,145,0.354,105.0,0.28800000000000003,108.0,0.33,70.0,0.214,63.0,0.222,,
Jose Iglesias,10231,1990-01-05,511,0.309,150.0,0.4,530.0,0.318,464.0,0.31,489.0,0.28800000000000003,513.0,0.306
Christian Walker,13419,1991-03-28,445,0.315,243.0,0.33299999999999996,603.0,0.348,53.0,0.226,15.0,0.4,,
Yonathan Daza,15794,1994-02-28,331,0.332,,,105.0,0.257,,,,,,
William Contreras,20503,1997-12-24,185,0.303,10.0,0.4,,,,,,,,
Gavin Lux,19955,1997-11-23,381,0.32799999999999996,69.0,0.24600000000000002,82.0,0.305,,,,,,
Pablo Reyes,16357,1993-09-05,87,0.33299999999999996,,,157.0,0.27399999999999997,63.0,0.349,,,,
Abraham Toro,19844,1996-12-20,375,0.315,97.0,0.237,89.0,0.303,,,,,,
Aristides Aquino,15482,1994-04-22,204,0.299,56.0,0.304,225.0,0.316,1.0,0.0,,,,
Jo Adell,20220,1999-04-08,140,0.295,132.0,0.212,,,,,,,,
Albert Pujols,1177,1980-01-16,296,0.284,163.0,0.27,545.0,0.305,498.0,0.289,636.0,0.28600000000000003,650.0,0.32299999999999995
Harold Ramirez,14387,1994-09-06,361,0.305,11.0,0.273,446.0,0.312,,,,,,
Josh Naylor,18839,1997-06-22,250,0.301,104.0,0.29100000000000004,279.0,0.315,,,,,,
Cesar Hernandez,10556,1990-05-23,637,0.308,261.0,0.355,667.0,0.33299999999999996,708.0,0.35600000000000004,577.0,0.373,622.0,0.371
Yoshi Tsutsugo,27459,1991-11-26,262,0.307,185.0,0.314,,,,,,,,
Ke'Bryan Hayes,18577,1997-01-28,396,0.316,95.0,0.442,,,,,,,,
Willie Calhoun,17838,1994-11-04,284,0.31,108.0,0.231,337.0,0.32299999999999995,108.0,0.26899999999999996,37.0,0.324,,
Manuel Margot,14712,1994-09-28,464,0.313,159.0,0.327,441.0,0.304,519.0,0.292,529.0,0.313,37.0,0.243
Tommy Edman,19470,1995-05-09,691,0.308,227.0,0.317,349.0,0.35,,,,,,
Edward Olivares,19698,1996-03-06,111,0.29100000000000004,101.0,0.267,,,,,,,,
Brent Rooker,19627,1994-11-01,213,0.29100000000000004,21.0,0.381,,,,,,,,
Jeff McNeil,15362,1992-04-08,426,0.319,209.0,0.38299999999999995,567.0,0.384,248.0,0.381,,,,
Zack Collins,19181,1995-02-06,231,0.33,18.0,0.16699999999999998,102.0,0.307,,,,,,
Trevor Larnach,21501,1997-02-26,301,0.322,,,,,,,,,,
Tucker Barnhart,10200,1991-01-07,388,0.317,110.0,0.29100000000000004,364.0,0.32799999999999996,522.0,0.32799999999999996,423.0,0.34700000000000003,420.0,0.32299999999999995
Yohel Pozo,18848,1997-06-14,77,0.312,,,,,,,,,,
Randal Grichuk,10243,1991-08-13,545,0.281,231.0,0.312,628.0,0.28,462.0,0.301,442.0,0.285,478.0,0.289
Mitch Moreland,3086,1985-09-06,252,0.28600000000000003,152.0,0.342,335.0,0.32799999999999996,459.0,0.325,576.0,0.326,503.0,0.298
Bradley Zimmer,16221,1992-11-27,348,0.325,50.0,0.36,14.0,0.071,114.0,0.281,332.0,0.307,,
Pedro Severino,14523,1993-07-20,419,0.308,178.0,0.322,341.0,0.321,213.0,0.254,31.0,0.226,34.0,0.441
Nick Solak,19294,1995-01-11,511,0.314,233.0,0.326,135.0,0.39299999999999996,,,,,,
Victor Reyes,15487,1994-10-05,220,0.284,213.0,0.315,292.0,0.336,219.0,0.239,,,,
Cavan Biggio,19252,1995-04-11,294,0.322,265.0,0.375,430.0,0.364,,,,,,
Jake Lamb,13329,1990-10-09,170,0.306,99.0,0.28300000000000003,226.0,0.32299999999999995,238.0,0.307,635.0,0.35700000000000004,594.0,0.332
Phil Gosselin,10953,1988-10-03,373,0.314,102.0,0.324,68.0,0.294,28.0,0.25,50.0,0.18,240.0,0.324
Asdrubal Cabrera,4962,1985-11-13,352,0.313,213.0,0.305,514.0,0.342,592.0,0.316,540.0,0.35100000000000003,568.0,0.336
Kevin Pillar,12434,1989-01-04,347,0.27699999999999997,223.0,0.336,645.0,0.287,542.0,0.282,632.0,0.3,584.0,0.303
Hanser Alberto,11902,1992-10-17,255,0.29100000000000004,231.0,0.306,550.0,0.32899999999999996,30.0,0.24100000000000002,,,58.0,0.14300000000000002
Brandon Marsh,20202,1997-12-18,260,0.317,,,,,,,,,,
Rob Refsnyder,13770,1991-03-26,157,0.325,34.0,0.265,,,103.0,0.314,98.0,0.247,175.0,0.32799999999999996
Jordy Mercer,6547,1986-08-27,127,0.307,22.0,0.273,271.0,0.31,436.0,0.315,558.0,0.326,584.0,0.32799999999999996
Dom Nunez,15055,1995-01-17,263,0.293,,,43.0,0.233,,,,,,
Yu Chang,14773,1995-08-18,251,0.267,13.0,0.308,84.0,0.28600000000000003,,,,,,
Carlos Santana,2396,1986-04-08,659,0.319,255.0,0.349,686.0,0.397,679.0,0.35200000000000004,667.0,0.363,688.0,0.366
Oscar Mercado,16375,1994-12-16,238,0.3,93.0,0.174,482.0,0.318,,,,,,
Breyvic Valera,12758,1992-01-08,97,0.313,,,52.0,0.308,75.0,0.301,11.0,0.182,,
Paul DeJong,18015,1993-08-02,402,0.284,174.0,0.322,664.0,0.318,490.0,0.313,443.0,0.325,,
Jurickson Profar,10815,1993-02-20,412,0.32899999999999996,202.0,0.34299999999999997,518.0,0.301,594.0,0.335,70.0,0.294,307.0,0.321
Grayson Greiner,17062,1992-10-11,82,0.321,55.0,0.182,224.0,0.251,116.0,0.32799999999999996,,,,
Hunter Dozier,15117,1991-08-22,543,0.285,186.0,0.344,586.0,0.348,388.0,0.278,,,21.0,0.28600000000000003
Isiah Kiner-Falefa,16512,1995-03-23,677,0.312,228.0,0.32899999999999996,222.0,0.299,396.0,0.325,,,,
Kole Calhoun,11200,1987-10-14,182,0.297,228.0,0.33799999999999997,632.0,0.325,552.0,0.28300000000000003,654.0,0.33299999999999996,672.0,0.348
Guillermo Heredia,18721,1991-01-31,347,0.311,36.0,0.278,231.0,0.306,337.0,0.318,426.0,0.315,107.0,0.349
Charlie Culberson,3298,1989-04-10,271,0.29600000000000004,7.0,0.14300000000000002,144.0,0.294,322.0,0.326,15.0,0.267,68.0,0.294
Jose Rojas,19331,1993-02-24,184,0.27699999999999997,,,,,,,,,,
Luis Garcia,20391,2000-05-16,247,0.275,139.0,0.302,,,,,,,,
Travis d'Arnaud,7739,1989-02-10,229,0.284,184.0,0.386,391.0,0.312,16.0,0.25,376.0,0.293,276.0,0.307
Jorge Mateo,17273,1995-06-23,209,0.293,28.0,0.185,,,,,,,,
Harold Castro,14691,1993-11-30,339,0.31,54.0,0.40700000000000003,369.0,0.305,10.0,0.3,,,,
Tom Murphy,13499,1991-04-03,325,0.304,,,281.0,0.324,96.0,0.25,26.0,0.115,49.0,0.34700000000000003
Dominic Smith,15653,1995-06-15,493,0.304,199.0,0.377,197.0,0.355,149.0,0.255,183.0,0.262,,
Pablo Sandoval,5409,1986-08-11,86,0.302,94.0,0.287,296.0,0.313,252.0,0.31,279.0,0.265,7.0,0.14300000000000002
Yadier Molina,7007,1982-07-13,473,0.297,156.0,0.303,452.0,0.312,503.0,0.314,543.0,0.312,581.0,0.36
Rougned Odor,12282,1994-02-03,361,0.28600000000000003,148.0,0.209,581.0,0.28300000000000003,535.0,0.326,651.0,0.252,632.0,0.29600000000000004
Ryan Jeffers,24618,1997-06-03,293,0.27,62.0,0.355,,,,,,,,
Clint Frazier,15983,1994-09-06,218,0.317,160.0,0.39399999999999996,246.0,0.317,41.0,0.39,142.0,0.268,,
Christian Vazquez,9774,1990-08-21,498,0.308,189.0,0.344,521.0,0.32,269.0,0.257,345.0,0.33,184.0,0.27699999999999997
Curt Casali,12510,1988-11-09,231,0.313,93.0,0.366,236.0,0.331,156.0,0.355,13.0,0.462,256.0,0.273
Emmanuel Rivera,19890,1996-06-29,98,0.316,,,,,,,,,,
Travis Shaw,11982,1990-04-16,250,0.28600000000000003,180.0,0.306,270.0,0.281,587.0,0.345,606.0,0.349,530.0,0.306
Reese McGuire,15674,1995-03-02,217,0.31,45.0,0.073,105.0,0.34600000000000003,33.0,0.33299999999999996,,,,
Rene Rivera,3648,1983-07-31,78,0.293,4.0,0.25,20.0,0.35,91.0,0.275,237.0,0.305,207.0,0.29100000000000004
Garrett Hampson,19262,1994-10-10,494,0.289,184.0,0.287,327.0,0.302,48.0,0.396,,,,
Lewin Diaz,18365,1996-11-19,128,0.242,41.0,0.195,,,,,,,,
Miguel Andujar,15878,1995-03-02,162,0.284,65.0,0.27699999999999997,49.0,0.14300000000000002,606.0,0.32799999999999996,8.0,0.625,,
Renato Nunez,14503,1994-04-04,55,0.218,216.0,0.324,599.0,0.311,261.0,0.322,16.0,0.25,15.0,0.133
Jake Marisnick,11339,1991-03-30,198,0.28600000000000003,34.0,0.353,318.0,0.289,235.0,0.275,259.0,0.319,311.0,0.257
Nick Martini,12005,1990-06-27,45,0.35600000000000004,,,109.0,0.33,179.0,0.397,,,,
Josh VanMeter,15170,1995-03-10,310,0.297,79.0,0.228,260.0,0.327,,,,,,
Nick Senzel,19293,1995-06-29,124,0.32299999999999995,78.0,0.247,414.0,0.315,,,,,,
Niko Goodrum,12092,1992-02-28,325,0.292,179.0,0.263,472.0,0.322,492.0,0.315,18.0,0.111,,
Michael A. Taylor,11489,1991-03-26,528,0.297,99.0,0.253,97.0,0.305,385.0,0.287,432.0,0.32,237.0,0.278
Webster Rivas,14636,1990-08-08,77,0.303,,,,,,,,,,
Alec Bohm,21618,1996-08-03,417,0.305,180.0,0.4,,,,,,,,
Austin Barnes,12158,1989-12-28,225,0.299,104.0,0.353,242.0,0.293,238.0,0.32899999999999996,262.0,0.408,37.0,0.27
Jack Mayfield,15402,1990-09-30,290,0.272,47.0,0.239,65.0,0.16899999999999998,,,,,,
Marcell Ozuna,10324,1990-11-12,208,0.28800000000000003,267.0,0.431,549.0,0.32799999999999996,628.0,0.325,679.0,0.376,608.0,0.321
Mike Moustakas,4892,1988-09-11,206,0.282,163.0,0.331,584.0,0.32899999999999996,635.0,0.315,598.0,0.314,113.0,0.301
Luke Williams,19931,1996-08-09,108,0.315,,,,,,,,,,
Taylor Jones,19533,1993-12-06,108,0.26899999999999996,22.0,0.22699999999999998,,,,,,,,
Nick Gordon,16337,1995-10-24,216,0.292,,,,,,,,,,
Josh Reddick,3892,1987-02-19,158,0.285,210.0,0.316,550.0,0.319,487.0,0.318,540.0,0.363,439.0,0.345
Zach McKinstry,19392,1995-04-29,172,0.263,7.0,0.28600000000000003,,,,,,,,
Jon Berti,12037,1990-01-22,271,0.311,149.0,0.38799999999999996,287.0,0.348,15.0,0.267,,,,
Cole Tucker,17326,1996-07-03,131,0.298,116.0,0.252,159.0,0.266,,,,,,
Gerardo Parra,8553,1987-05-06,107,0.292,,,301.0,0.293,443.0,0.342,425.0,0.341,381.0,0.271
Kurt Suzuki,8259,1983-10-04,247,0.294,129.0,0.349,309.0,0.324,388.0,0.332,309.0,0.35100000000000003,373.0,0.301
Jonathan Arauz,20275,1998-08-03,75,0.27399999999999997,80.0,0.325,,,,,,,,
Rodolfo Castro,21987,1999-05-21,93,0.258,,,,,,,,,,
James McCann,12859,1990-06-13,412,0.294,111.0,0.36,476.0,0.32799999999999996,457.0,0.267,391.0,0.318,373.0,0.272
Daz Cameron,18353,1997-01-15,115,0.278,59.0,0.22,,,,,,,,
Jose Peraza,13593,1994-04-30,154,0.266,120.0,0.275,403.0,0.285,683.0,0.326,518.0,0.297,256.0,0.35200000000000004
Aaron Hicks,5297,1989-10-02,126,0.294,211.0,0.379,255.0,0.325,581.0,0.366,361.0,0.37200000000000005,361.0,0.281
Hoy Park,18027,1996-04-07,150,0.297,,,,,,,,,,
Taylor Walls,22458,1996-07-10,176,0.314,,,,,,,,,,
Sergio Alcantara,16417,1996-07-10,255,0.303,23.0,0.217,,,,,,,,
Stephen Piscotty,13367,1991-01-14,188,0.282,171.0,0.271,393.0,0.309,605.0,0.331,401.0,0.342,649.0,0.34299999999999997
Phillip Evans,12950,1992-09-10,247,0.312,45.0,0.444,,,23.0,0.217,38.0,0.395,,
Mauricio Dubon,16530,1994-07-19,187,0.278,177.0,0.337,111.0,0.306,,,,,,
Michael Chavis,17321,1995-08-11,124,0.258,158.0,0.259,382.0,0.322,,,,,,
Andres Gimenez,19950,1998-09-04,210,0.282,132.0,0.33299999999999996,,,,,,,,
Eddy Alvarez,16959,1990-01-30,74,0.297,41.0,0.268,,,,,,,,
Billy McKinney,15654,1994-08-23,300,0.28,3.0,0.667,276.0,0.27399999999999997,132.0,0.318,,,,
Rafael Marchan,21646,1999-02-25,56,0.28600000000000003,9.0,0.556,,,,,,,,
Cam Gallagher,12981,1992-12-06,124,0.298,60.0,0.35600000000000004,142.0,0.312,69.0,0.25,27.0,0.33299999999999996,,
Andrew Stevenson,17932,1994-06-01,213,0.294,47.0,0.447,37.0,0.486,86.0,0.306,66.0,0.25,,
Jose Devers,20540,1999-12-07,46,0.304,,,,,,,,,,
Carter Kieboom,19958,1997-09-03,249,0.301,122.0,0.344,43.0,0.209,,,,,,
Gregory Polanco,12907,1991-09-14,382,0.28300000000000003,174.0,0.214,167.0,0.301,535.0,0.34,411.0,0.305,587.0,0.32299999999999995
Wilson Ramos,1433,1987-08-10,163,0.248,155.0,0.297,524.0,0.35100000000000003,416.0,0.358,224.0,0.29,523.0,0.354
Johneshwy Fargas,16446,1994-12-15,54,0.264,,,,,,,,,,
Roman Quinn,13546,1993-05-14,62,0.306,116.0,0.261,122.0,0.298,143.0,0.317,,,69.0,0.373
Didi Gregorius,6012,1990-02-18,408,0.27,237.0,0.33899999999999997,344.0,0.276,569.0,0.335,570.0,0.318,597.0,0.304
Lewis Brinson,14352,1994-05-08,290,0.263,112.0,0.268,248.0,0.23600000000000002,406.0,0.24,55.0,0.23600000000000002,,
Ernie Clement,20352,1996-03-22,133,0.285,,,,,,,,,,
Jason Heyward,4940,1989-08-09,353,0.28,181.0,0.392,589.0,0.34299999999999997,489.0,0.335,481.0,0.326,592.0,0.306
Daniel Johnson,19643,1995-07-11,81,0.259,13.0,0.154,,,,,,,,
Ryan O'Hearn,16442,1993-07-26,254,0.268,132.0,0.303,370.0,0.281,170.0,0.353,,,,
Juan Lagares,5384,1989-03-17,327,0.266,0.0,0.0,285.0,0.27899999999999997,64.0,0.375,272.0,0.29600000000000004,160.0,0.301
Isaac Paredes,20036,1999-02-18,85,0.306,108.0,0.278,,,,,,,,
Khris Davis,9112,1987-12-21,114,0.272,99.0,0.303,533.0,0.293,654.0,0.326,652.0,0.336,610.0,0.307
Ronald Torreyes,11400,1992-09-02,344,0.28600000000000003,7.0,0.14300000000000002,17.0,0.235,102.0,0.294,336.0,0.314,168.0,0.305
Victor Robles,18363,1997-05-19,369,0.31,189.0,0.293,617.0,0.326,66.0,0.348,27.0,0.308,,
Jorge Alfaro,12180,1993-06-11,311,0.28300000000000003,100.0,0.28,465.0,0.312,377.0,0.324,114.0,0.36,17.0,0.17600000000000002
Ryan Lavarnway,8879,1987-08-07,30,0.276,11.0,0.364,19.0,0.316,6.0,0.667,13.0,0.385,,
Victor Caratini,14968,1993-08-17,356,0.309,132.0,0.33299999999999996,279.0,0.348,200.0,0.293,66.0,0.33299999999999996,,
David Fletcher,17992,1994-05-31,665,0.297,230.0,0.376,653.0,0.35,307.0,0.316,,,,
John Nogowski,16852,1993-01-05,143,0.301,4.0,0.25,,,,,,,,
Willians Astudillo,15608,1991-10-14,216,0.259,16.0,0.25,204.0,0.299,97.0,0.371,,,,
DJ Peters,19348,1995-12-12,240,0.242,,,,,,,,,,
Kyle Higashioka,5517,1990-04-20,211,0.24600000000000002,48.0,0.25,57.0,0.21100000000000002,79.0,0.24100000000000002,20.0,0.1,,
Dylan Moore,18042,1992-08-02,377,0.276,159.0,0.358,282.0,0.302,,,,,,
Jose Barrero,23378,1998-04-05,56,0.28600000000000003,68.0,0.20600000000000002,,,,,,,,
Adrian Sanchez,11338,1990-08-16,38,0.316,,,32.0,0.25,59.0,0.28800000000000003,75.0,0.28800000000000003,,
Adam Eaton,11205,1988-12-06,288,0.282,176.0,0.285,656.0,0.365,370.0,0.39399999999999996,107.0,0.39299999999999996,706.0,0.36200000000000004
Willi Castro,17338,1997-04-24,450,0.273,140.0,0.381,110.0,0.284,,,,,,
Alex Blandino,16271,1992-11-06,82,0.317,,,50.0,0.42,147.0,0.324,,,,
Kelvin Gutierrez,17468,1994-08-28,295,0.292,12.0,0.33299999999999996,79.0,0.304,,,,,,
Jarred Kelenic,22558,1999-07-16,377,0.265,,,,,,,,,,
Mason Williams,11859,1991-08-21,37,0.297,18.0,0.111,34.0,0.324,132.0,0.331,17.0,0.294,29.0,0.321
Ha-seong Kim,27506,1995-10-17,298,0.27,,,,,,,,,,
Stephen Vogt,5000,1984-11-01,238,0.28300000000000003,81.0,0.247,280.0,0.314,,,303.0,0.285,532.0,0.305
Elvis Andrus,8709,1988-08-26,541,0.294,111.0,0.252,648.0,0.313,428.0,0.308,689.0,0.337,568.0,0.36200000000000004
Taylor Trammell,19960,1997-09-13,178,0.256,,,,,,,,,,
Nick Ahmed,12147,1990-03-15,473,0.28,217.0,0.327,625.0,0.316,564.0,0.29,178.0,0.298,308.0,0.265
Matt Carpenter,8090,1985-11-26,249,0.305,169.0,0.325,492.0,0.33399999999999996,677.0,0.374,622.0,0.384,566.0,0.38
Shed Long Jr.,16542,1995-08-22,121,0.258,128.0,0.242,168.0,0.33299999999999996,,,,,,
Mike Brosseau,19683,1994-03-15,169,0.266,98.0,0.37799999999999995,142.0,0.319,,,,,,
Danny Mendick,18889,1993-09-28,186,0.303,114.0,0.281,40.0,0.325,,,,,,
David Bote,14593,1993-04-07,327,0.276,145.0,0.303,356.0,0.36200000000000004,210.0,0.319,,,,
Romy Gonzalez,21562,1996-09-06,33,0.273,,,,,,,,,,
Donovan Walton,19314,1994-05-25,69,0.254,14.0,0.214,19.0,0.316,,,,,,
Seby Zavala,18887,1993-08-28,104,0.24,,,12.0,0.083,,,,,,
Brian O'Grady,16729,1992-05-17,61,0.267,5.0,0.4,48.0,0.292,,,,,,
Yonny Hernandez,19432,1998-05-04,166,0.315,,,,,,,,,,
Daniel Robertson,14145,1994-03-22,90,0.303,24.0,0.41700000000000004,237.0,0.312,340.0,0.382,254.0,0.308,,
Nomar Mazara,14553,1995-04-26,181,0.276,149.0,0.295,469.0,0.318,536.0,0.317,616.0,0.32299999999999995,568.0,0.32
Jacob Nottingham,16448,1995-04-03,45,0.222,54.0,0.278,7.0,0.429,24.0,0.33299999999999996,,,,
Maikel Franco,12179,1992-08-26,403,0.253,243.0,0.321,428.0,0.297,465.0,0.314,623.0,0.281,630.0,0.306
Billy Hamilton,10199,1990-09-09,135,0.242,36.0,0.171,353.0,0.289,556.0,0.299,633.0,0.299,460.0,0.321
Ender Inciarte,4922,1990-10-29,89,0.276,131.0,0.262,230.0,0.34299999999999997,660.0,0.325,718.0,0.35,578.0,0.35100000000000003
Jose Trevino,16725,1992-11-28,302,0.267,83.0,0.28,126.0,0.272,8.0,0.25,,,,
Danny Santana,10322,1990-11-07,127,0.252,63.0,0.23800000000000002,511.0,0.324,32.0,0.281,178.0,0.243,248.0,0.27899999999999997
Jason Vosler,16686,1993-09-06,82,0.256,,,,,,,,,,
Joshua Fuentes,16885,1993-02-19,284,0.257,103.0,0.32,56.0,0.23199999999999998,,,,,,
Jason Martin,16429,1995-09-05,154,0.248,11.0,0.182,40.0,0.325,,,,,,
Mike Tauchman,15274,1990-12-03,191,0.284,111.0,0.342,296.0,0.361,37.0,0.19399999999999998,32.0,0.344,,
Eric Sogard,7927,1986-05-22,180,0.28300000000000003,128.0,0.281,442.0,0.353,113.0,0.24100000000000002,299.0,0.39299999999999996,,
Marwin Gonzalez,5497,1989-03-14,307,0.275,199.0,0.28600000000000003,463.0,0.322,552.0,0.324,515.0,0.377,518.0,0.293
Brock Holt,9345,1988-06-11,260,0.281,106.0,0.28300000000000003,295.0,0.369,367.0,0.36200000000000004,164.0,0.305,324.0,0.322
Ryan McKenna,19928,1997-02-14,197,0.292,,,,,,,,,,
Martin Maldonado,6887,1986-08-16,426,0.272,165.0,0.35,374.0,0.293,404.0,0.276,471.0,0.276,253.0,0.332
Jake Bauers,15194,1995-10-06,315,0.29,,,423.0,0.312,388.0,0.316,,,,
Jose Marmolejos,15767,1993-01-02,122,0.262,115.0,0.261,,,,,,,,
Jonah Heim,16930,1995-06-27,285,0.239,41.0,0.268,,,,,,,,
Tomas Nido,13755,1994-04-12,161,0.261,26.0,0.34600000000000003,144.0,0.231,90.0,0.2,10.0,0.3,,
Mike Ford,15585,1992-07-04,72,0.278,84.0,0.226,163.0,0.35,,,,,,
Eli White,19346,1994-06-26,220,0.259,52.0,0.231,,,,,,,,
Isan Diaz,17922,1996-05-27,277,0.293,22.0,0.182,201.0,0.259,,,,,,
Andrew Velazquez,14196,1994-07-14,68,0.235,77.0,0.27399999999999997,24.0,0.125,12.0,0.41700000000000004,,,,
Andrelton Simmons,10847,1989-09-04,451,0.28300000000000003,127.0,0.34600000000000003,424.0,0.309,600.0,0.337,647.0,0.331,483.0,0.324
Roberto Perez,2900,1988-12-23,161,0.245,110.0,0.264,449.0,0.321,210.0,0.256,248.0,0.29100000000000004,184.0,0.285
Will Craig,19267,1994-11-16,65,0.27699999999999997,4.0,0.0,,,,,,,,
Keston Hiura,20003,1996-08-02,197,0.256,246.0,0.297,348.0,0.368,,,,,,
Kevin Newman,17696,1993-08-04,554,0.265,172.0,0.281,531.0,0.353,97.0,0.247,,,,
Jarren Duran,24617,1996-09-05,112,0.24100000000000002,,,,,,,,,,
David Dahl,13744,1994-04-01,220,0.247,99.0,0.222,413.0,0.353,271.0,0.325,,,237.0,0.359
Richie Martin,17736,1994-12-22,105,0.26899999999999996,,,309.0,0.26,,,,,,
Alan Trejo,20056,1996-05-30,50,0.26,,,,,,,,,,
Orlando Arcia,13185,1994-08-04,89,0.258,189.0,0.317,546.0,0.28300000000000003,366.0,0.268,548.0,0.324,216.0,0.273
Joe Panik,11936,1990-10-30,257,0.266,141.0,0.34,491.0,0.315,392.0,0.307,573.0,0.34700000000000003,526.0,0.315
Erik Gonzalez,13369,1991-08-31,229,0.258,193.0,0.255,156.0,0.301,143.0,0.301,115.0,0.272,17.0,0.353
Henry Ramos,11481,1992-04-15,55,0.255,,,,,,,,,,
Aramis Garcia,16925,1993-01-12,94,0.239,,,46.0,0.217,65.0,0.308,,,,
Luis Rengifo,19858,1997-02-26,190,0.24600000000000002,106.0,0.26899999999999996,406.0,0.321,,,,,,
Shogo Akiyama,27461,1988-04-16,183,0.282,183.0,0.35700000000000004,,,,,,,,
Jarrod Dyson,4866,1984-08-15,149,0.26,66.0,0.231,452.0,0.313,237.0,0.282,390.0,0.324,337.0,0.34
Steven Souza Jr.,5667,1989-04-24,36,0.222,31.0,0.258,,,272.0,0.309,617.0,0.35100000000000003,468.0,0.303
Owen Miller,24655,1996-11-15,202,0.243,,,,,,,,,,
Jake Cave,14477,1992-12-04,178,0.249,123.0,0.285,228.0,0.35100000000000003,309.0,0.313,,,,
Sam Haggerty,18054,1994-05-26,94,0.247,54.0,0.315,4.0,0.0,,,,,,
Magneuris Sierra,17023,1996-04-07,225,0.281,53.0,0.33299999999999996,42.0,0.381,156.0,0.222,64.0,0.359,,
Bryan Holaday,11287,1987-11-19,34,0.265,33.0,0.212,129.0,0.344,166.0,0.261,29.0,0.24100000000000002,129.0,0.281
Ka'ai Tom,18136,1994-05-29,133,0.278,,,,,,,,,,
Pat Valaika,14885,1992-09-09,281,0.25,150.0,0.315,86.0,0.256,133.0,0.214,195.0,0.284,19.0,0.263
Andrew Knizner,19514,1995-02-03,185,0.281,17.0,0.235,58.0,0.293,,,,,,
Tim Locastro,15124,1992-07-14,156,0.263,82.0,0.395,250.0,0.35700000000000004,14.0,0.35700000000000004,1.0,0.0,,
Cody Bellinger,15998,1995-07-13,350,0.24,243.0,0.33299999999999996,660.0,0.406,632.0,0.34299999999999997,548.0,0.35200000000000004,,
Austin Romine,5491,1988-11-22,62,0.242,135.0,0.259,240.0,0.31,265.0,0.295,252.0,0.272,176.0,0.26899999999999996
Austin Wynns,15271,1990-12-10,139,0.23199999999999998,,,74.0,0.247,118.0,0.287,,,,
Josh Palacios,19818,1995-07-30,42,0.293,,,,,,,,,,
Luke Raley,19354,1994-09-19,72,0.25,,,,,,,,,,
Tucupita Marcano,22871,1999-09-16,50,0.28,,,,,,,,,,
Rio Ruiz,14103,1994-05-22,141,0.243,204.0,0.28600000000000003,413.0,0.306,15.0,0.267,173.0,0.28300000000000003,7.0,0.28600000000000003
Cal Raleigh,21534,1996-11-26,148,0.223,,,,,,,,,,
Drew Ellis,19873,1995-12-01,83,0.27699999999999997,,,,,,,,,,
Zack Short,19562,1995-05-29,184,0.239,,,,,,,,,,
Justin Williams,15490,1995-08-20,137,0.27,6.0,0.33299999999999996,,,1.0,0.0,,,,
Patrick Mazeika,18142,1993-10-14,87,0.253,,,,,,,,,,
Austin Hedges,12976,1992-08-18,312,0.22,83.0,0.231,347.0,0.252,326.0,0.282,417.0,0.262,26.0,0.154
Ben Rortvedt,20287,1997-09-25,98,0.22899999999999998,,,,,,,,,,
Alex Jackson,17276,1995-12-25,151,0.252,7.0,0.28600000000000003,15.0,0.133,,,,,,
Scott Heineman,14453,1992-12-04,34,0.20600000000000002,54.0,0.185,85.0,0.306,,,,,,
Sandy Leon,5273,1989-03-13,220,0.237,81.0,0.29600000000000004,191.0,0.251,288.0,0.23199999999999998,301.0,0.29,283.0,0.369
Michael Perez,12977,1992-08-07,231,0.221,93.0,0.237,55.0,0.345,80.0,0.304,,,,
Jackie Bradley Jr.,12984,1990-04-19,428,0.23600000000000002,217.0,0.364,567.0,0.317,535.0,0.314,541.0,0.32299999999999995,636.0,0.349
Chad Wallach,17161,1991-11-04,66,0.242,48.0,0.27699999999999997,54.0,0.33299999999999996,52.0,0.275,11.0,0.091,,
Andrew Romine,1159,1985-12-24,64,0.23399999999999999,4.0,0.25,,,131.0,0.26,348.0,0.289,194.0,0.304
Franchy Cordero,14567,1994-09-02,136,0.237,42.0,0.28600000000000003,20.0,0.45,154.0,0.307,99.0,0.276,,
Sebastian Rivero,21735,1998-11-16,44,0.25,,,,,,,,,,
Matt Joyce,3353,1984-08-03,69,0.261,148.0,0.35100000000000003,238.0,0.408,246.0,0.322,544.0,0.335,293.0,0.40299999999999997
Wyatt Mathisen,14555,1993-12-30,51,0.255,33.0,0.364,,,,,,,,
Jay Bruce,9892,1987-04-03,39,0.231,103.0,0.252,333.0,0.261,361.0,0.31,617.0,0.324,589.0,0.309
Chris Gittens,18482,1994-02-04,44,0.25,,,,,,,,,,
Colton Welker,19961,1997-10-09,40,0.25,,,,,,,,,,
Sheldon Neuse,19635,1994-12-10,66,0.182,,,61.0,0.295,,,,,,
Tony Wolters,11470,1992-06-09,30,0.276,109.0,0.28,411.0,0.337,216.0,0.292,266.0,0.341,230.0,0.327
Jonathan Davis,15104,1992-05-12,103,0.252,34.0,0.364,95.0,0.266,27.0,0.259,,,,
Leody Taveras,18900,1998-09-08,185,0.207,134.0,0.308,,,,,,,,
Mike Freeman,11241,1987-08-04,65,0.262,43.0,0.302,213.0,0.36200000000000004,1.0,0.0,66.0,0.182,24.0,0.292
Chance Sisco,15694,1995-02-24,83,0.24100000000000002,121.0,0.364,198.0,0.33299999999999996,184.0,0.28800000000000003,22.0,0.455,,
Garrett Stubbs,18067,1993-05-26,38,0.222,10.0,0.111,39.0,0.282,,,,,,
JaCoby Jones,14818,1992-05-10,105,0.21,108.0,0.33299999999999996,333.0,0.31,467.0,0.266,154.0,0.24,28.0,0.214
Dustin Fowler,17098,1994-12-29,46,0.239,,,,,203.0,0.256,0.0,0.0,,
Gilberto Celestino,20233,1999-02-13,62,0.177,,,,,,,,,,
Matt Adams,9393,1988-08-31,40,0.25,51.0,0.21600000000000003,333.0,0.276,337.0,0.309,367.0,0.319,327.0,0.309
Evan White,20078,1996-04-26,104,0.20199999999999999,202.0,0.252,,,,,,,,
Jared Oliva,19968,1995-11-27,43,0.233,16.0,0.188,,,,,,,,
Andrew Knapp,14942,1991-11-09,159,0.215,89.0,0.40399999999999997,160.0,0.318,215.0,0.294,204.0,0.368,,
Kevan Smith,12284,1988-06-28,106,0.248,38.0,0.37799999999999995,211.0,0.318,187.0,0.348,294.0,0.309,16.0,0.125
Robel Garcia,13167,1993-03-28,117,0.21600000000000003,,,80.0,0.275,,,,,,
Jose Godoy,15808,1994-10-13,40,0.225,,,,,,,,,,
Ildemaro Vargas,13324,1991-07-16,83,0.217,54.0,0.222,211.0,0.299,20.0,0.25,13.0,0.308,,
Stevie Wilkerson,16041,1992-01-11,76,0.21100000000000002,,,361.0,0.28600000000000003,49.0,0.22399999999999998,,,,
Kean Wong,15994,1995-04-17,66,0.19399999999999998,,,18.0,0.16699999999999998,,,,,,
Jahmai Jones,18872,1997-08-04,72,0.20800000000000002,7.0,0.429,,,,,,,,
Kevin Smith,20242,1996-07-04,36,0.19399999999999998,,,,,,,,,,
Edwin Rios,18316,1994-04-21,60,0.217,83.0,0.301,56.0,0.39299999999999996,,,,,,
Jake Hager,12198,1993-03-04,30,0.233,,,,,,,,,,
Nick Heath,19577,1993-11-27,39,0.231,18.0,0.313,,,,,,,,
Domingo Leyba,16404,1995-09-11,96,0.198,,,30.0,0.36700000000000005,,,,,,
Todd Frazier,785,1986-02-12,40,0.2,172.0,0.302,499.0,0.32899999999999996,472.0,0.303,576.0,0.344,666.0,0.302
Scott Schebler,12225,1990-10-06,34,0.147,1.0,0.0,95.0,0.253,430.0,0.337,531.0,0.307,282.0,0.33
Vimael Machin,17684,1993-09-25,37,0.2,71.0,0.29600000000000004,,,,,,,,
Cristian Pache,19948,1998-11-19,68,0.152,4.0,0.25,,,,,,,,
Mickey Moniak,19956,1998-05-13,37,0.16699999999999998,18.0,0.389,,,,,,,,
Albert Almora Jr.,14109,1994-04-16,54,0.14800000000000002,34.0,0.265,363.0,0.271,479.0,0.32299999999999995,323.0,0.33799999999999997,117.0,0.308
Luis Campusano,22217,1998-09-29,38,0.184,4.0,0.5,,,,,,,,
Greg Deichmann,19872,1995-05-31,31,0.161,,,,,,,,,,
Cameron Maybin,5223,1987-04-04,33,0.182,101.0,0.307,269.0,0.364,384.0,0.326,450.0,0.318,391.0,0.38299999999999995
Curtis Terry,18881,1996-10-06,48,0.146,,,,,,,,,,
Skye Bolt,17723,1994-01-15,60,0.10300000000000001,,,11.0,0.182,,,,,,
Drew Butera,3411,1983-08-09,36,0.091,43.0,0.19,49.0,0.22899999999999998,182.0,0.264,177.0,0.284,133.0,0.32799999999999996
